2026-05-14 23:00:50,876 - INFO - 
==================================================
2026-05-14 23:00:50,878 - INFO - 🔷 Creating Spark Session
2026-05-14 23:00:50,880 - INFO - ===============================

2026-05-14 23:02:10,671 - INFO - Spark Session created successfully.
2026-05-14 23:02:10,671 - INFO - 
==================================================
2026-05-14 23:02:10,672 - INFO - 🔷 Reading CSV file: dataset\fibbie_bank_transactions.csv
2026-05-14 23:02:10,672 - INFO - ===============================

2026-05-14 23:02:25,259 - INFO - CSV file 'dataset\fibbie_bank_transactions.csv' read into Spark DataFrame successfully.
2026-05-14 23:02:25,260 - INFO - 
==================================================
2026-05-14 23:02:25,260 - INFO - 🔷 Displaying DataFrame Schema and Sample Data
2026-05-14 23:02:25,261 - INFO - ===============================

2026-05-14 23:02:26,218 - INFO - ⏱️ Step completed in 1m 35s

2026-05-14 23:02:26,243 - INFO - Closing down clientserver connection
2026-05-16 08:26:21,685 - INFO - 
==================================================
2026-05-16 08:26:21,696 - INFO - 🔷 Creating Spark Session
2026-05-16 08:26:21,718 - INFO - ===============================

2026-05-16 08:28:37,324 - INFO - Spark Session created successfully.
2026-05-16 08:28:37,326 - INFO - 
==================================================
2026-05-16 08:28:37,328 - INFO - 🔷 Reading CSV file: dataset\fibbie_bank_transactions.csv
2026-05-16 08:28:37,329 - INFO - ===============================

2026-05-16 08:29:01,301 - INFO - CSV file 'dataset\fibbie_bank_transactions.csv' read into Spark DataFrame successfully.
2026-05-16 08:29:01,302 - INFO - 
==================================================
2026-05-16 08:29:01,302 - INFO - 🔷 Displaying DataFrame Schema and Sample Data
2026-05-16 08:29:01,302 - INFO - ===============================

2026-05-16 08:29:02,802 - INFO - ⏱️ Step completed in 2m 41s

2026-05-16 08:29:02,830 - INFO - Closing down clientserver connection
2026-05-16 08:37:28,795 - INFO - 
==================================================
2026-05-16 08:37:28,796 - INFO - 🔷 Creating Spark Session
2026-05-16 08:37:28,796 - INFO - ===============================

2026-05-16 08:38:01,128 - INFO - Spark Session created successfully.
2026-05-16 08:38:01,129 - INFO - 
==================================================
2026-05-16 08:38:01,131 - INFO - 🔷 Reading CSV File
2026-05-16 08:38:01,132 - INFO - ===============================

2026-05-16 08:38:01,137 - INFO - 
==================================================
2026-05-16 08:38:01,140 - INFO - 🔷 Reading CSV file: dataset\fibbie_bank_transactions.csv
2026-05-16 08:38:01,141 - INFO - ===============================

2026-05-16 08:38:16,865 - INFO - CSV file 'dataset\fibbie_bank_transactions.csv' read into Spark DataFrame successfully.
2026-05-16 08:38:16,865 - INFO - 
==================================================
2026-05-16 08:38:16,866 - INFO - 🔷 Converting Spark DataFrame to Pandas DataFrame
2026-05-16 08:38:16,867 - INFO - ===============================

2026-05-16 08:38:28,492 - INFO - Closing down clientserver connection
2026-05-16 08:44:57,384 - INFO - 
==================================================
2026-05-16 08:44:57,385 - INFO - 🔷 Creating Spark Session
2026-05-16 08:44:57,386 - INFO - ===============================

2026-05-16 08:45:25,410 - INFO - Spark Session created successfully.
2026-05-16 08:45:25,410 - INFO - 
==================================================
2026-05-16 08:45:25,411 - INFO - 🔷 Reading CSV File
2026-05-16 08:45:25,411 - INFO - ===============================

2026-05-16 08:45:25,411 - INFO - 
==================================================
2026-05-16 08:45:25,412 - INFO - 🔷 Reading CSV file: dataset\fibbie_bank_transactions.csv
2026-05-16 08:45:25,412 - INFO - ===============================

2026-05-16 08:45:39,645 - INFO - CSV file 'dataset\fibbie_bank_transactions.csv' read into Spark DataFrame successfully.
2026-05-16 08:45:39,646 - INFO - 
==================================================
2026-05-16 08:45:39,646 - INFO - 🔷 Converting Spark DataFrame to Pandas DataFrame
2026-05-16 08:45:39,647 - INFO - ===============================

2026-05-16 08:45:45,554 - INFO - Closing down clientserver connection
2026-05-16 08:46:21,966 - INFO - 
==================================================
2026-05-16 08:46:21,967 - INFO - 🔷 Creating Spark Session
2026-05-16 08:46:21,970 - INFO - ===============================

2026-05-16 08:46:22,916 - INFO - Spark Session created successfully.
2026-05-16 08:46:22,918 - INFO - 
==================================================
2026-05-16 08:46:22,920 - INFO - 🔷 Reading CSV File
2026-05-16 08:46:22,920 - INFO - ===============================

2026-05-16 08:46:22,921 - INFO - 
==================================================
2026-05-16 08:46:22,922 - INFO - 🔷 Reading CSV file: dataset\fibbie_bank_transactions.csv
2026-05-16 08:46:22,922 - INFO - ===============================

2026-05-16 08:46:33,868 - INFO - CSV file 'dataset\fibbie_bank_transactions.csv' read into Spark DataFrame successfully.
2026-05-16 08:46:33,869 - INFO - 
==================================================
2026-05-16 08:46:33,869 - INFO - 🔷 Dataset Information
2026-05-16 08:46:33,870 - INFO - ===============================

2026-05-16 08:46:34,477 - INFO - Closing down clientserver connection
2026-05-16 08:50:04,586 - INFO - 
==================================================
2026-05-16 08:50:04,589 - INFO - 🔷 Creating Spark Session
2026-05-16 08:50:04,590 - INFO - ===============================

2026-05-16 08:50:05,503 - INFO - Spark Session created successfully.
2026-05-16 08:50:05,504 - INFO - 
==================================================
2026-05-16 08:50:05,505 - INFO - 🔷 Reading CSV File
2026-05-16 08:50:05,505 - INFO - ===============================

2026-05-16 08:50:05,506 - INFO - 
==================================================
2026-05-16 08:50:05,507 - INFO - 🔷 Reading CSV file: dataset\fibbie_bank_transactions.csv
2026-05-16 08:50:05,508 - INFO - ===============================

2026-05-16 08:50:16,028 - INFO - CSV file 'dataset\fibbie_bank_transactions.csv' read into Spark DataFrame successfully.
2026-05-16 08:50:16,029 - INFO - 
==================================================
2026-05-16 08:50:16,029 - INFO - 🔷 Exploring DataFrame
2026-05-16 08:50:16,030 - INFO - ===============================

2026-05-16 08:50:16,036 - INFO - 
==================================================
2026-05-16 08:50:16,037 - INFO - 🔷 Displaying Sample Data
2026-05-16 08:50:16,037 - INFO - ===============================

2026-05-16 08:50:16,959 - INFO - 
==================================================
2026-05-16 08:50:16,960 - INFO - 🔷 Displaying Summary Statistics
2026-05-16 08:50:16,961 - INFO - ===============================

2026-05-16 08:50:54,703 - INFO - 
==================================================
2026-05-16 08:50:54,704 - INFO - 🔷 Checking for Missing Values
2026-05-16 08:50:54,705 - INFO - ===============================

2026-05-16 08:50:56,091 - INFO - Closing down clientserver connection
2026-05-16 09:06:42,752 - INFO - 
==================================================
2026-05-16 09:06:42,753 - INFO - 🔷 Creating Spark Session
2026-05-16 09:06:42,753 - INFO - ===============================

2026-05-16 09:07:05,631 - INFO - Spark Session created successfully.
2026-05-16 09:07:05,632 - INFO - 
==================================================
2026-05-16 09:07:05,632 - INFO - 🔷 Reading CSV file: dataset\fibbie_bank_transactions.csv
2026-05-16 09:07:05,632 - INFO - ===============================

2026-05-16 09:07:16,868 - INFO - CSV file 'dataset\fibbie_bank_transactions.csv' read into Spark DataFrame successfully.
2026-05-16 09:07:16,868 - INFO - ⏱️ Step completed in 34s

2026-05-16 09:07:17,317 - INFO - Closing down clientserver connection
2026-05-16 09:23:04,719 - INFO - 
==================================================
2026-05-16 09:23:04,720 - INFO - 🔷 Creating Spark Session
2026-05-16 09:23:04,721 - INFO - ===============================

2026-05-16 09:23:26,536 - INFO - Spark Session created successfully.
2026-05-16 09:23:26,537 - INFO - 
==================================================
2026-05-16 09:23:26,537 - INFO - 🔷 Reading CSV file: dataset\fibbie_bank_transactions.csv
2026-05-16 09:23:26,538 - INFO - ===============================

2026-05-16 09:23:37,499 - INFO - CSV file 'dataset\fibbie_bank_transactions.csv' read into Spark DataFrame successfully.
2026-05-16 09:23:37,499 - INFO - ⏱️ Step completed in 32s

2026-05-16 09:23:37,500 - INFO - 
==================================================
2026-05-16 09:23:37,500 - INFO - 🔷 Schema & Sample
2026-05-16 09:23:37,501 - INFO - ===============================

2026-05-16 09:23:38,454 - INFO - 
==================================================
2026-05-16 09:23:38,455 - INFO - 🔷 Row & Column Info
2026-05-16 09:23:38,455 - INFO - ===============================

2026-05-16 09:23:40,285 - INFO - Total Rows: 1000000
2026-05-16 09:23:40,335 - INFO - Columns: ['Transaction_Date', 'Amount', 'Transaction_Type', 'Customer_Name', 'Customer_Address', 'Customer_City', 'Customer_State', 'Customer_Country', 'Company', 'Job_Title', 'Email', 'Phone_Number', 'Credit_Card_Number', 'IBAN', 'Currency_Code', 'Random_Number', 'Category', 'Group', 'Is_Active', 'Last_Updated', 'Description', 'Gender', 'Marital_Status']
2026-05-16 09:23:40,336 - INFO - 
==================================================
2026-05-16 09:23:40,336 - INFO - 🔷 Summary Statistics
2026-05-16 09:23:40,337 - INFO - ===============================

2026-05-16 09:24:11,473 - INFO - 
==================================================
2026-05-16 09:24:11,473 - INFO - 🔷 Unique Transaction Types
2026-05-16 09:24:11,474 - INFO - ===============================

2026-05-16 09:24:13,776 - INFO - 
==================================================
2026-05-16 09:24:13,777 - INFO - 🔷 Check Null Values
2026-05-16 09:24:13,778 - INFO - ===============================

2026-05-16 09:24:14,423 - INFO - ⏱️ Step completed in 36s

2026-05-16 09:24:15,227 - INFO - Closing down clientserver connection
2026-05-16 10:01:42,582 - INFO - 
==================================================
2026-05-16 10:01:42,582 - INFO - 🔷 Creating Spark Session
2026-05-16 10:01:42,583 - INFO - ===============================

2026-05-16 10:02:09,430 - INFO - Spark Session created successfully.
2026-05-16 10:02:09,431 - INFO - 
==================================================
2026-05-16 10:02:09,431 - INFO - 🔷 Reading CSV file: dataset\fibbie_bank_transactions.csv
2026-05-16 10:02:09,432 - INFO - ===============================

2026-05-16 10:02:24,478 - INFO - CSV file 'dataset\fibbie_bank_transactions.csv' read into Spark DataFrame successfully.
2026-05-16 10:02:24,480 - INFO - ⏱️ Step completed in 41s

2026-05-16 10:02:26,020 - INFO - Closing down clientserver connection
2026-05-16 10:45:38,125 - INFO - 
==================================================
2026-05-16 10:45:38,125 - INFO - 🔷 Creating Spark Session
2026-05-16 10:45:38,126 - INFO - ===============================

2026-05-16 10:46:06,367 - INFO - Spark Session created successfully.
2026-05-16 10:46:06,368 - INFO - 
==================================================
2026-05-16 10:46:06,368 - INFO - 🔷 Reading CSV file: dataset\fibbie_bank_transactions.csv
2026-05-16 10:46:06,369 - INFO - ===============================

2026-05-16 10:46:22,237 - INFO - CSV file 'dataset\fibbie_bank_transactions.csv' read into Spark DataFrame successfully.
2026-05-16 10:46:22,238 - INFO - ⏱️ Step completed in 44s

2026-05-16 10:46:23,844 - INFO - ✅ Spark session stopped successfully.
2026-05-16 10:46:23,881 - INFO - Closing down clientserver connection
2026-05-16 10:50:32,047 - INFO - 
==================================================
2026-05-16 10:50:32,048 - INFO - 🔷 Creating Spark Session
2026-05-16 10:50:32,049 - INFO - ===============================

2026-05-16 10:50:56,806 - INFO - Spark Session created successfully.
2026-05-16 10:50:56,806 - INFO - 
==================================================
2026-05-16 10:50:56,807 - INFO - 🔷 Reading CSV file: dataset\fibbie_bank_transactions.csv
2026-05-16 10:50:56,807 - INFO - ===============================

2026-05-16 10:51:07,637 - INFO - CSV file 'dataset\fibbie_bank_transactions.csv' read into Spark DataFrame successfully.
2026-05-16 10:51:07,638 - INFO - ⏱️ Step completed in 35s

2026-05-16 10:51:07,639 - INFO - 
==================================================
2026-05-16 10:51:07,639 - INFO - 🔷 Schema & Sample
2026-05-16 10:51:07,640 - INFO - ===============================

2026-05-16 10:51:08,548 - INFO - 
==================================================
2026-05-16 10:51:08,548 - INFO - 🔷 Row & Column Info
2026-05-16 10:51:08,549 - INFO - ===============================

2026-05-16 10:51:10,396 - INFO - Total Rows: 1000000
2026-05-16 10:51:10,451 - INFO - Columns: ['Transaction_Date', 'Amount', 'Transaction_Type', 'Customer_Name', 'Customer_Address', 'Customer_City', 'Customer_State', 'Customer_Country', 'Company', 'Job_Title', 'Email', 'Phone_Number', 'Credit_Card_Number', 'IBAN', 'Currency_Code', 'Random_Number', 'Category', 'Group', 'Is_Active', 'Last_Updated', 'Description', 'Gender', 'Marital_Status']
2026-05-16 10:51:10,451 - INFO - 
==================================================
2026-05-16 10:51:10,452 - INFO - 🔷 Summary Statistics
2026-05-16 10:51:10,452 - INFO - ===============================

2026-05-16 10:51:43,262 - INFO - 
==================================================
2026-05-16 10:51:43,263 - INFO - 🔷 Unique Transaction Types
2026-05-16 10:51:43,264 - INFO - ===============================

2026-05-16 10:51:45,822 - INFO - 
==================================================
2026-05-16 10:51:45,826 - INFO - 🔷 Check Null Values
2026-05-16 10:51:45,827 - INFO - ===============================

2026-05-16 10:51:46,536 - INFO - ⏱️ Step completed in 38s

2026-05-16 10:51:47,301 - INFO - ✅ Spark session stopped successfully.
2026-05-16 10:51:47,327 - INFO - Closing down clientserver connection
2026-05-16 11:15:47,681 - INFO - 
==================================================
2026-05-16 11:15:47,682 - INFO - 🔷 Creating Spark Session
2026-05-16 11:15:47,683 - INFO - ===============================

2026-05-16 11:16:13,797 - INFO - Spark Session created successfully.
2026-05-16 11:16:13,798 - INFO - 
==================================================
2026-05-16 11:16:13,799 - INFO - 🔷 Reading CSV file: dataset\fibbie_bank_transactions.csv
2026-05-16 11:16:13,799 - INFO - ===============================

2026-05-16 11:16:25,961 - INFO - CSV file 'dataset\fibbie_bank_transactions.csv' read into Spark DataFrame successfully.
2026-05-16 11:16:25,962 - INFO - ⏱️ Step completed in 38s

2026-05-16 11:16:25,962 - INFO - 
==================================================
2026-05-16 11:16:25,963 - INFO - 🔷 Row & Column Info
2026-05-16 11:16:25,963 - INFO - ===============================

2026-05-16 11:16:28,138 - INFO - Total Rows: 1000000
2026-05-16 11:16:28,204 - INFO - Total Columns: 23
2026-05-16 11:16:28,205 - INFO - 
==================================================
2026-05-16 11:16:28,205 - INFO - 🔷 Checking for Null Values
2026-05-16 11:16:28,205 - INFO - ===============================

2026-05-16 11:16:31,165 - INFO - Nulls in 'Transaction_Date': 0
2026-05-16 11:16:33,168 - INFO - Nulls in 'Amount': 0
2026-05-16 11:16:34,797 - INFO - Nulls in 'Transaction_Type': 0
2026-05-16 11:16:36,342 - INFO - Nulls in 'Customer_Name': 100425
2026-05-16 11:16:37,737 - INFO - Nulls in 'Customer_Address': 100087
2026-05-16 11:16:39,351 - INFO - Nulls in 'Customer_City': 100034
2026-05-16 11:16:40,767 - INFO - Nulls in 'Customer_State': 100009
2026-05-16 11:16:42,350 - INFO - Nulls in 'Customer_Country': 100672
2026-05-16 11:16:43,652 - INFO - Nulls in 'Company': 100295
2026-05-16 11:16:45,138 - INFO - Nulls in 'Job_Title': 99924
2026-05-16 11:16:46,521 - INFO - Nulls in 'Email': 100043
2026-05-16 11:16:48,104 - INFO - Nulls in 'Phone_Number': 100524
2026-05-16 11:16:49,566 - INFO - Nulls in 'Credit_Card_Number': 100085
2026-05-16 11:16:51,064 - INFO - Nulls in 'IBAN': 100300
2026-05-16 11:16:52,376 - INFO - Nulls in 'Currency_Code': 99342
2026-05-16 11:16:53,846 - INFO - Nulls in 'Random_Number': 99913
2026-05-16 11:16:55,289 - INFO - Nulls in 'Category': 100332
2026-05-16 11:16:56,810 - INFO - Nulls in 'Group': 100209
2026-05-16 11:16:58,046 - INFO - Nulls in 'Is_Active': 100259
2026-05-16 11:16:59,767 - INFO - Nulls in 'Last_Updated': 100321
2026-05-16 11:17:01,456 - INFO - Nulls in 'Description': 100403
2026-05-16 11:17:03,192 - INFO - Nulls in 'Gender': 99767
2026-05-16 11:17:04,601 - INFO - Nulls in 'Marital_Status': 99904
2026-05-16 11:17:04,605 - INFO - 
==================================================
2026-05-16 11:17:04,607 - INFO - 🔷 Summary Statistics
2026-05-16 11:17:04,610 - INFO - ===============================

2026-05-16 11:17:44,282 - INFO - 
==================================================
2026-05-16 11:17:44,283 - INFO - 🔷 Unique Transaction Types
2026-05-16 11:17:44,283 - INFO - ===============================

2026-05-16 11:17:47,027 - INFO - 
==================================================
2026-05-16 11:17:47,028 - INFO - 🔷 Check Null Values
2026-05-16 11:17:47,028 - INFO - ===============================

2026-05-16 11:17:47,941 - INFO - ⏱️ Step completed in 1m 21s

2026-05-16 11:17:48,892 - INFO - ✅ Spark session stopped successfully.
2026-05-16 11:17:48,915 - INFO - Closing down clientserver connection
2026-05-16 11:19:38,761 - INFO - 
==================================================
2026-05-16 11:19:38,761 - INFO - 🔷 Creating Spark Session
2026-05-16 11:19:38,762 - INFO - ===============================

2026-05-16 11:20:00,734 - INFO - Spark Session created successfully.
2026-05-16 11:20:00,735 - INFO - 
==================================================
2026-05-16 11:20:00,735 - INFO - 🔷 Reading CSV file: dataset\fibbie_bank_transactions.csv
2026-05-16 11:20:00,736 - INFO - ===============================

2026-05-16 11:20:12,149 - INFO - CSV file 'dataset\fibbie_bank_transactions.csv' read into Spark DataFrame successfully.
2026-05-16 11:20:12,151 - INFO - ⏱️ Step completed in 33s

2026-05-16 11:20:12,153 - INFO - 
==================================================
2026-05-16 11:20:12,154 - INFO - 🔷 Row & Column Info
2026-05-16 11:20:12,154 - INFO - ===============================

2026-05-16 11:20:14,175 - INFO - Total Rows: 1000000
2026-05-16 11:20:14,228 - INFO - Total Columns: 23
2026-05-16 11:20:14,229 - INFO - 
==================================================
2026-05-16 11:20:14,230 - INFO - 🔷 Checking for Null Values
2026-05-16 11:20:14,230 - INFO - ===============================

2026-05-16 11:20:16,234 - INFO - Nulls in 'Transaction_Date': 0
2026-05-16 11:20:17,774 - INFO - Nulls in 'Amount': 0
2026-05-16 11:20:18,992 - INFO - Nulls in 'Transaction_Type': 0
2026-05-16 11:20:20,359 - INFO - Nulls in 'Customer_Name': 100425
2026-05-16 11:20:21,537 - INFO - Nulls in 'Customer_Address': 100087
2026-05-16 11:20:22,770 - INFO - Nulls in 'Customer_City': 100034
2026-05-16 11:20:23,928 - INFO - Nulls in 'Customer_State': 100009
2026-05-16 11:20:25,072 - INFO - Nulls in 'Customer_Country': 100672
2026-05-16 11:20:26,196 - INFO - Nulls in 'Company': 100295
2026-05-16 11:20:27,365 - INFO - Nulls in 'Job_Title': 99924
2026-05-16 11:20:28,580 - INFO - Nulls in 'Email': 100043
2026-05-16 11:20:29,803 - INFO - Nulls in 'Phone_Number': 100524
2026-05-16 11:20:31,052 - INFO - Nulls in 'Credit_Card_Number': 100085
2026-05-16 11:20:32,257 - INFO - Nulls in 'IBAN': 100300
2026-05-16 11:20:33,588 - INFO - Nulls in 'Currency_Code': 99342
2026-05-16 11:20:35,021 - INFO - Nulls in 'Random_Number': 99913
2026-05-16 11:20:36,454 - INFO - Nulls in 'Category': 100332
2026-05-16 11:20:37,666 - INFO - Nulls in 'Group': 100209
2026-05-16 11:20:38,835 - INFO - Nulls in 'Is_Active': 100259
2026-05-16 11:20:40,433 - INFO - Nulls in 'Last_Updated': 100321
2026-05-16 11:20:41,605 - INFO - Nulls in 'Description': 100403
2026-05-16 11:20:43,000 - INFO - Nulls in 'Gender': 99767
2026-05-16 11:20:44,633 - INFO - Nulls in 'Marital_Status': 99904
2026-05-16 11:20:44,634 - INFO - 
==================================================
2026-05-16 11:20:44,636 - INFO - 🔷 Summary Statistics
2026-05-16 11:20:44,644 - INFO - ===============================

2026-05-16 11:21:20,674 - INFO - None
2026-05-16 11:21:20,674 - INFO - 
==================================================
2026-05-16 11:21:20,675 - INFO - 🔷 Unique Transaction Types
2026-05-16 11:21:20,675 - INFO - ===============================

2026-05-16 11:21:23,285 - INFO - None
2026-05-16 11:21:23,286 - INFO - ⏱️ Step completed in 1m 11s

2026-05-16 11:21:23,709 - INFO - ✅ Spark session stopped successfully.
2026-05-16 11:21:23,733 - INFO - Closing down clientserver connection
2026-05-16 11:24:21,180 - INFO - 
==================================================
2026-05-16 11:24:21,180 - INFO - 🔷 Creating Spark Session
2026-05-16 11:24:21,181 - INFO - ===============================

2026-05-16 11:24:43,578 - INFO - Spark Session created successfully.
2026-05-16 11:24:43,580 - INFO - 
==================================================
2026-05-16 11:24:43,581 - INFO - 🔷 Reading CSV file: dataset\fibbie_bank_transactions.csv
2026-05-16 11:24:43,581 - INFO - ===============================

2026-05-16 11:24:54,277 - INFO - CSV file 'dataset\fibbie_bank_transactions.csv' read into Spark DataFrame successfully.
2026-05-16 11:24:54,278 - INFO - ⏱️ Step completed in 33s

2026-05-16 11:24:54,278 - INFO - 
==================================================
2026-05-16 11:24:54,279 - INFO - 🔷 Row & Column Info
2026-05-16 11:24:54,279 - INFO - ===============================

2026-05-16 11:24:56,222 - INFO - Total Rows: 1000000
2026-05-16 11:24:56,274 - INFO - Total Columns: 23
2026-05-16 11:24:56,275 - INFO - 
==================================================
2026-05-16 11:24:56,275 - INFO - 🔷 Checking for Null Values
2026-05-16 11:24:56,276 - INFO - ===============================

2026-05-16 11:24:58,201 - INFO - Nulls in 'Transaction_Date': 0
2026-05-16 11:25:00,038 - INFO - Nulls in 'Amount': 0
2026-05-16 11:25:01,337 - INFO - Nulls in 'Transaction_Type': 0
2026-05-16 11:25:03,064 - INFO - Nulls in 'Customer_Name': 100425
2026-05-16 11:25:04,444 - INFO - Nulls in 'Customer_Address': 100087
2026-05-16 11:25:05,424 - INFO - Nulls in 'Customer_City': 100034
2026-05-16 11:25:06,653 - INFO - Nulls in 'Customer_State': 100009
2026-05-16 11:25:07,960 - INFO - Nulls in 'Customer_Country': 100672
2026-05-16 11:25:09,172 - INFO - Nulls in 'Company': 100295
2026-05-16 11:25:10,340 - INFO - Nulls in 'Job_Title': 99924
2026-05-16 11:25:11,559 - INFO - Nulls in 'Email': 100043
2026-05-16 11:25:12,875 - INFO - Nulls in 'Phone_Number': 100524
2026-05-16 11:25:14,081 - INFO - Nulls in 'Credit_Card_Number': 100085
2026-05-16 11:25:15,284 - INFO - Nulls in 'IBAN': 100300
2026-05-16 11:25:16,378 - INFO - Nulls in 'Currency_Code': 99342
2026-05-16 11:25:17,546 - INFO - Nulls in 'Random_Number': 99913
2026-05-16 11:25:18,600 - INFO - Nulls in 'Category': 100332
2026-05-16 11:25:19,794 - INFO - Nulls in 'Group': 100209
2026-05-16 11:25:20,948 - INFO - Nulls in 'Is_Active': 100259
2026-05-16 11:25:22,252 - INFO - Nulls in 'Last_Updated': 100321
2026-05-16 11:25:23,286 - INFO - Nulls in 'Description': 100403
2026-05-16 11:25:24,376 - INFO - Nulls in 'Gender': 99767
2026-05-16 11:25:25,397 - INFO - Nulls in 'Marital_Status': 99904
2026-05-16 11:25:25,397 - INFO - 
==================================================
2026-05-16 11:25:25,398 - INFO - 🔷 Summary Statistics
2026-05-16 11:25:25,401 - INFO - ===============================

2026-05-16 11:25:55,004 - INFO - 
==================================================
2026-05-16 11:25:55,005 - INFO - 🔷 Unique Transaction Types
2026-05-16 11:25:55,005 - INFO - ===============================

2026-05-16 11:25:57,456 - INFO - ⏱️ Step completed in 1m 3s

2026-05-16 11:25:58,040 - INFO - ✅ Spark session stopped successfully.
2026-05-16 11:25:58,062 - INFO - Closing down clientserver connection
2026-05-16 11:30:13,731 - INFO - 
==================================================
2026-05-16 11:30:13,732 - INFO - 🔷 Creating Spark Session
2026-05-16 11:30:13,732 - INFO - ===============================

2026-05-16 11:30:32,325 - INFO - Spark Session created successfully.
2026-05-16 11:30:32,325 - INFO - 
==================================================
2026-05-16 11:30:32,326 - INFO - 🔷 Reading CSV file: dataset\fibbie_bank_transactions.csv
2026-05-16 11:30:32,326 - INFO - ===============================

2026-05-16 11:30:43,320 - INFO - CSV file 'dataset\fibbie_bank_transactions.csv' read into Spark DataFrame successfully.
2026-05-16 11:30:43,323 - INFO - ⏱️ Step completed in 29s

2026-05-16 11:30:43,325 - INFO - 
==================================================
2026-05-16 11:30:43,328 - INFO - 🔷 Schema Overview
2026-05-16 11:30:43,329 - INFO - ===============================

2026-05-16 11:30:43,341 - INFO - 
==================================================
2026-05-16 11:30:43,342 - INFO - 🔷 Sample Data
2026-05-16 11:30:43,342 - INFO - ===============================

2026-05-16 11:30:44,445 - INFO - 
==================================================
2026-05-16 11:30:44,445 - INFO - 🔷 Row & Column Info
2026-05-16 11:30:44,446 - INFO - ===============================

2026-05-16 11:30:46,293 - INFO - Total Rows: 1000000
2026-05-16 11:30:46,359 - INFO - Total Columns: 23
2026-05-16 11:30:46,359 - INFO - 
==================================================
2026-05-16 11:30:46,360 - INFO - 🔷 Checking for Null Values
2026-05-16 11:30:46,360 - INFO - ===============================

2026-05-16 11:30:48,137 - INFO - Nulls in 'Transaction_Date': 0
2026-05-16 11:30:50,017 - INFO - Nulls in 'Amount': 0
2026-05-16 11:30:51,577 - INFO - Nulls in 'Transaction_Type': 0
2026-05-16 11:30:53,166 - INFO - Nulls in 'Customer_Name': 100425
2026-05-16 11:30:54,520 - INFO - Nulls in 'Customer_Address': 100087
2026-05-16 11:30:55,689 - INFO - Nulls in 'Customer_City': 100034
2026-05-16 11:30:57,111 - INFO - Nulls in 'Customer_State': 100009
2026-05-16 11:30:58,301 - INFO - Nulls in 'Customer_Country': 100672
2026-05-16 11:30:59,594 - INFO - Nulls in 'Company': 100295
2026-05-16 11:31:00,626 - INFO - Nulls in 'Job_Title': 99924
2026-05-16 11:31:01,752 - INFO - Nulls in 'Email': 100043
2026-05-16 11:31:03,034 - INFO - Nulls in 'Phone_Number': 100524
2026-05-16 11:31:04,200 - INFO - Nulls in 'Credit_Card_Number': 100085
2026-05-16 11:31:05,304 - INFO - Nulls in 'IBAN': 100300
2026-05-16 11:31:07,071 - INFO - Nulls in 'Currency_Code': 99342
2026-05-16 11:31:08,313 - INFO - Nulls in 'Random_Number': 99913
2026-05-16 11:31:09,630 - INFO - Nulls in 'Category': 100332
2026-05-16 11:31:10,800 - INFO - Nulls in 'Group': 100209
2026-05-16 11:31:12,134 - INFO - Nulls in 'Is_Active': 100259
2026-05-16 11:31:13,562 - INFO - Nulls in 'Last_Updated': 100321
2026-05-16 11:31:14,900 - INFO - Nulls in 'Description': 100403
2026-05-16 11:31:16,034 - INFO - Nulls in 'Gender': 99767
2026-05-16 11:31:17,387 - INFO - Nulls in 'Marital_Status': 99904
2026-05-16 11:31:17,387 - INFO - 
==================================================
2026-05-16 11:31:17,388 - INFO - 🔷 Summary Statistics
2026-05-16 11:31:17,389 - INFO - ===============================

2026-05-16 11:31:47,372 - INFO - 
==================================================
2026-05-16 11:31:47,373 - INFO - 🔷 Unique Transaction Types
2026-05-16 11:31:47,373 - INFO - ===============================

2026-05-16 11:31:49,679 - INFO - ⏱️ Step completed in 1m 6s

2026-05-16 11:31:50,381 - INFO - ✅ Spark session stopped successfully.
2026-05-16 11:31:50,560 - INFO - Closing down clientserver connection
2026-05-16 11:37:07,311 - INFO - 
==================================================
2026-05-16 11:37:07,312 - INFO - 🔷 Creating Spark Session
2026-05-16 11:37:07,313 - INFO - ===============================

2026-05-16 11:37:27,903 - INFO - Spark Session created successfully.
2026-05-16 11:37:27,904 - INFO - 
==================================================
2026-05-16 11:37:27,904 - INFO - 🔷 Reading CSV file: dataset\fibbie_bank_transactions.csv
2026-05-16 11:37:27,905 - INFO - ===============================

2026-05-16 11:37:38,024 - INFO - CSV file 'dataset\fibbie_bank_transactions.csv' read into Spark DataFrame successfully.
2026-05-16 11:37:38,025 - INFO - ⏱️ Step completed in 30s

2026-05-16 11:37:38,025 - INFO - 
==================================================
2026-05-16 11:37:38,026 - INFO - 🔷 Schema Overview
2026-05-16 11:37:38,026 - INFO - ===============================

2026-05-16 11:37:38,033 - INFO - 
==================================================
2026-05-16 11:37:38,033 - INFO - 🔷 Sample Data
2026-05-16 11:37:38,034 - INFO - ===============================

2026-05-16 11:37:38,972 - INFO - 
==================================================
2026-05-16 11:37:38,973 - INFO - 🔷 Row & Column Info
2026-05-16 11:37:38,973 - INFO - ===============================

2026-05-16 11:37:40,700 - INFO - Total Rows: 1000000
2026-05-16 11:37:40,745 - INFO - Total Columns: 23
2026-05-16 11:37:40,746 - INFO - 
==================================================
2026-05-16 11:37:40,746 - INFO - 🔷 Checking for Null Values
2026-05-16 11:37:40,747 - INFO - ===============================

2026-05-16 11:37:42,982 - INFO - Nulls in 'Transaction_Date': 0
2026-05-16 11:37:44,466 - INFO - Nulls in 'Amount': 0
2026-05-16 11:37:45,976 - INFO - Nulls in 'Transaction_Type': 0
2026-05-16 11:37:47,509 - INFO - Nulls in 'Customer_Name': 100425
2026-05-16 11:37:48,579 - INFO - Nulls in 'Customer_Address': 100087
2026-05-16 11:37:49,785 - INFO - Nulls in 'Customer_City': 100034
2026-05-16 11:37:50,957 - INFO - Nulls in 'Customer_State': 100009
2026-05-16 11:37:52,200 - INFO - Nulls in 'Customer_Country': 100672
2026-05-16 11:37:53,358 - INFO - Nulls in 'Company': 100295
2026-05-16 11:37:54,633 - INFO - Nulls in 'Job_Title': 99924
2026-05-16 11:37:55,814 - INFO - Nulls in 'Email': 100043
2026-05-16 11:37:56,988 - INFO - Nulls in 'Phone_Number': 100524
2026-05-16 11:37:58,154 - INFO - Nulls in 'Credit_Card_Number': 100085
2026-05-16 11:37:59,256 - INFO - Nulls in 'IBAN': 100300
2026-05-16 11:38:00,479 - INFO - Nulls in 'Currency_Code': 99342
2026-05-16 11:38:01,642 - INFO - Nulls in 'Random_Number': 99913
2026-05-16 11:38:02,894 - INFO - Nulls in 'Category': 100332
2026-05-16 11:38:04,006 - INFO - Nulls in 'Group': 100209
2026-05-16 11:38:05,180 - INFO - Nulls in 'Is_Active': 100259
2026-05-16 11:38:06,361 - INFO - Nulls in 'Last_Updated': 100321
2026-05-16 11:38:07,447 - INFO - Nulls in 'Description': 100403
2026-05-16 11:38:08,515 - INFO - Nulls in 'Gender': 99767
2026-05-16 11:38:09,630 - INFO - Nulls in 'Marital_Status': 99904
2026-05-16 11:38:09,636 - INFO - 
==================================================
2026-05-16 11:38:09,637 - INFO - 🔷 Unique Transaction Types
2026-05-16 11:38:09,639 - INFO - ===============================

2026-05-16 11:38:11,514 - INFO - ⏱️ Step completed in 33s

2026-05-16 11:38:12,069 - INFO - ✅ Spark session stopped successfully.
2026-05-16 11:38:12,086 - INFO - Closing down clientserver connection
2026-05-16 13:11:40,890 - ERROR - ❌ An error occurred during extraction or transformation: maximum recursion depth exceeded
2026-05-16 13:12:52,913 - INFO - 
==================================================
2026-05-16 13:12:52,914 - INFO - 🔷 Creating Spark Session
2026-05-16 13:12:52,914 - INFO - ===============================

2026-05-16 13:13:25,664 - INFO - Spark Session created successfully.
2026-05-16 13:13:25,665 - INFO - 
==================================================
2026-05-16 13:13:25,665 - INFO - 🔷 Reading CSV file: dataset\fibbie_bank_transactions.csv
2026-05-16 13:13:25,666 - INFO - ===============================

2026-05-16 13:13:38,412 - INFO - CSV file 'dataset\fibbie_bank_transactions.csv' read into Spark DataFrame successfully.
2026-05-16 13:13:38,413 - INFO - ⏱️ Step completed in 45s

2026-05-16 13:13:38,785 - INFO - 
==================================================
2026-05-16 13:13:38,786 - INFO - 🔷 Handling Missing Values
2026-05-16 13:13:38,786 - INFO - ===============================

2026-05-16 13:14:11,269 - INFO - Nulls in 'transaction_date': 0
2026-05-16 13:14:11,270 - INFO - Nulls in 'amount': 0
2026-05-16 13:14:11,271 - INFO - Nulls in 'transaction_type': 0
2026-05-16 13:14:11,273 - INFO - Nulls in 'customer_name': 100425
2026-05-16 13:14:11,274 - INFO - Nulls in 'customer_address': 100087
2026-05-16 13:14:11,274 - INFO - Nulls in 'customer_city': 100034
2026-05-16 13:14:11,275 - INFO - Nulls in 'customer_state': 100009
2026-05-16 13:14:11,276 - INFO - Nulls in 'customer_country': 100672
2026-05-16 13:14:11,276 - INFO - Nulls in 'company': 100295
2026-05-16 13:14:11,277 - INFO - Nulls in 'job_title': 99924
2026-05-16 13:14:11,277 - INFO - Nulls in 'email': 100043
2026-05-16 13:14:11,278 - INFO - Nulls in 'phone_number': 100524
2026-05-16 13:14:11,278 - INFO - Nulls in 'credit_card_number': 100085
2026-05-16 13:14:11,279 - INFO - Nulls in 'iban': 100300
2026-05-16 13:14:11,279 - INFO - Nulls in 'currency_code': 99342
2026-05-16 13:14:11,280 - INFO - Nulls in 'random_number': 99913
2026-05-16 13:14:11,338 - INFO - Nulls in 'category': 100332
2026-05-16 13:14:11,355 - INFO - Nulls in 'group': 100209
2026-05-16 13:14:11,369 - INFO - Nulls in 'is_active': 100259
2026-05-16 13:14:11,369 - INFO - Nulls in 'last_updated': 100321
2026-05-16 13:14:11,370 - INFO - Nulls in 'description': 100403
2026-05-16 13:14:11,371 - INFO - Nulls in 'gender': 99767
2026-05-16 13:14:11,373 - INFO - Nulls in 'marital_status': 99904
2026-05-16 13:14:11,373 - INFO - 
==================================================
2026-05-16 13:14:11,374 - INFO - 🔷 Filling Missing Values
2026-05-16 13:14:11,375 - INFO - ===============================

2026-05-16 13:14:11,474 - INFO - Missing values filled with defaults.
2026-05-16 13:14:11,475 - INFO - 
==================================================
2026-05-16 13:14:11,475 - INFO - 🔷 Dropping Missing Values
2026-05-16 13:14:11,476 - INFO - ===============================

2026-05-16 13:14:13,926 - INFO - Dropped 100321 rows where 'last_updated' was null.
2026-05-16 13:14:13,926 - INFO - 
==================================================
2026-05-16 13:14:13,927 - INFO - 🔷 Removing Duplicates
2026-05-16 13:14:13,927 - INFO - ===============================

2026-05-16 13:15:09,491 - INFO - Removed 0 duplicate rows.
2026-05-16 13:15:09,969 - INFO - ✅ Spark session stopped successfully.
2026-05-16 13:15:10,033 - INFO - Closing down clientserver connection
2026-05-16 13:18:20,597 - INFO - 
==================================================
2026-05-16 13:18:20,598 - INFO - 🔷 Creating Spark Session
2026-05-16 13:18:20,599 - INFO - ===============================

2026-05-16 13:18:41,806 - INFO - Spark Session created successfully.
2026-05-16 13:18:41,807 - INFO - 
==================================================
2026-05-16 13:18:41,807 - INFO - 🔷 Reading CSV file: dataset\fibbie_bank_transactions.csv
2026-05-16 13:18:41,808 - INFO - ===============================

2026-05-16 13:18:53,382 - INFO - CSV file 'dataset\fibbie_bank_transactions.csv' read into Spark DataFrame successfully.
2026-05-16 13:18:53,383 - INFO - ⏱️ Step completed in 32s

2026-05-16 13:18:53,764 - INFO - 
==================================================
2026-05-16 13:18:53,765 - INFO - 🔷 Handling Missing Values - Initial Count
2026-05-16 13:18:53,765 - INFO - ===============================

2026-05-16 13:19:23,202 - INFO - Nulls in 'transaction_date': 0
2026-05-16 13:19:23,206 - INFO - Nulls in 'amount': 0
2026-05-16 13:19:23,208 - INFO - Nulls in 'transaction_type': 0
2026-05-16 13:19:23,213 - INFO - Nulls in 'customer_name': 100425
2026-05-16 13:19:23,216 - INFO - Nulls in 'customer_address': 100087
2026-05-16 13:19:23,216 - INFO - Nulls in 'customer_city': 100034
2026-05-16 13:19:23,217 - INFO - Nulls in 'customer_state': 100009
2026-05-16 13:19:23,217 - INFO - Nulls in 'customer_country': 100672
2026-05-16 13:19:23,217 - INFO - Nulls in 'company': 100295
2026-05-16 13:19:23,218 - INFO - Nulls in 'job_title': 99924
2026-05-16 13:19:23,219 - INFO - Nulls in 'email': 100043
2026-05-16 13:19:23,219 - INFO - Nulls in 'phone_number': 100524
2026-05-16 13:19:23,221 - INFO - Nulls in 'credit_card_number': 100085
2026-05-16 13:19:23,222 - INFO - Nulls in 'iban': 100300
2026-05-16 13:19:23,222 - INFO - Nulls in 'currency_code': 99342
2026-05-16 13:19:23,223 - INFO - Nulls in 'random_number': 99913
2026-05-16 13:19:23,224 - INFO - Nulls in 'category': 100332
2026-05-16 13:19:23,224 - INFO - Nulls in 'group': 100209
2026-05-16 13:19:23,228 - INFO - Nulls in 'is_active': 100259
2026-05-16 13:19:23,229 - INFO - Nulls in 'last_updated': 100321
2026-05-16 13:19:23,230 - INFO - Nulls in 'description': 100403
2026-05-16 13:19:23,230 - INFO - Nulls in 'gender': 99767
2026-05-16 13:19:23,231 - INFO - Nulls in 'marital_status': 99904
2026-05-16 13:19:23,231 - INFO - 
==================================================
2026-05-16 13:19:23,231 - INFO - 🔷 Filling Missing Values
2026-05-16 13:19:23,232 - INFO - ===============================

2026-05-16 13:19:23,340 - INFO - Missing values filled with defaults.
2026-05-16 13:19:23,341 - INFO - 
==================================================
2026-05-16 13:19:23,341 - INFO - 🔷 Dropping Missing Values
2026-05-16 13:19:23,342 - INFO - ===============================

2026-05-16 13:19:25,591 - INFO - Dropped 100321 rows where 'last_updated' was null.
2026-05-16 13:19:25,592 - INFO - 
==================================================
2026-05-16 13:19:25,592 - INFO - 🔷 Handling Missing Values - After Filling & Dropping
2026-05-16 13:19:25,594 - INFO - ===============================

2026-05-16 13:19:32,744 - INFO - Nulls in 'transaction_date': 0
2026-05-16 13:19:32,744 - INFO - Nulls in 'amount': 0
2026-05-16 13:19:32,745 - INFO - Nulls in 'transaction_type': 0
2026-05-16 13:19:32,745 - INFO - Nulls in 'customer_name': 0
2026-05-16 13:19:32,746 - INFO - Nulls in 'customer_address': 0
2026-05-16 13:19:32,746 - INFO - Nulls in 'customer_city': 0
2026-05-16 13:19:32,746 - INFO - Nulls in 'customer_state': 0
2026-05-16 13:19:32,747 - INFO - Nulls in 'customer_country': 0
2026-05-16 13:19:32,747 - INFO - Nulls in 'company': 0
2026-05-16 13:19:32,747 - INFO - Nulls in 'job_title': 0
2026-05-16 13:19:32,748 - INFO - Nulls in 'email': 0
2026-05-16 13:19:32,748 - INFO - Nulls in 'phone_number': 0
2026-05-16 13:19:32,748 - INFO - Nulls in 'credit_card_number': 0
2026-05-16 13:19:32,749 - INFO - Nulls in 'iban': 0
2026-05-16 13:19:32,749 - INFO - Nulls in 'currency_code': 0
2026-05-16 13:19:32,749 - INFO - Nulls in 'random_number': 0
2026-05-16 13:19:32,750 - INFO - Nulls in 'category': 0
2026-05-16 13:19:32,750 - INFO - Nulls in 'group': 0
2026-05-16 13:19:32,751 - INFO - Nulls in 'is_active': 0
2026-05-16 13:19:32,751 - INFO - Nulls in 'last_updated': 0
2026-05-16 13:19:32,752 - INFO - Nulls in 'description': 0
2026-05-16 13:19:32,752 - INFO - Nulls in 'gender': 0
2026-05-16 13:19:32,752 - INFO - Nulls in 'marital_status': 0
2026-05-16 13:19:32,753 - INFO - 
==================================================
2026-05-16 13:19:32,753 - INFO - 🔷 Removing Duplicates
2026-05-16 13:19:32,754 - INFO - ===============================

2026-05-16 13:20:09,307 - INFO - Removed 0 duplicate rows.
2026-05-16 13:20:09,307 - INFO - ⏱️ Step completed in 1m 15s

2026-05-16 13:20:10,130 - INFO - ✅ Spark session stopped successfully.
2026-05-16 13:20:10,214 - INFO - Closing down clientserver connection
2026-05-16 14:34:59,572 - INFO - 
==================================================
2026-05-16 14:34:59,574 - INFO - 🔷 Creating Spark Session
2026-05-16 14:34:59,575 - INFO - ===============================

2026-05-16 14:35:33,457 - INFO - Spark Session created successfully.
2026-05-16 14:35:33,458 - INFO - 
==================================================
2026-05-16 14:35:33,458 - INFO - 🔷 Reading CSV file: dataset\fibbie_bank_transactions.csv
2026-05-16 14:35:33,459 - INFO - ===============================

2026-05-16 14:35:50,384 - INFO - CSV file 'dataset\fibbie_bank_transactions.csv' read into Spark DataFrame successfully.
2026-05-16 14:35:50,385 - INFO - ⏱️ Step completed in 50s

2026-05-16 14:35:50,386 - ERROR - ❌ An error occurred during extraction or transformation: 'tuple' object has no attribute 'columns'
2026-05-16 14:35:50,452 - INFO - Closing down clientserver connection
2026-05-16 14:38:24,815 - INFO - 
==================================================
2026-05-16 14:38:24,816 - INFO - 🔷 Creating Spark Session
2026-05-16 14:38:24,817 - INFO - ===============================

2026-05-16 14:38:46,878 - INFO - Spark Session created successfully.
2026-05-16 14:38:46,879 - INFO - 
==================================================
2026-05-16 14:38:46,879 - INFO - 🔷 Reading CSV file: dataset\fibbie_bank_transactions.csv
2026-05-16 14:38:46,880 - INFO - ===============================

2026-05-16 14:38:57,306 - INFO - CSV file 'dataset\fibbie_bank_transactions.csv' read into Spark DataFrame successfully.
2026-05-16 14:38:57,306 - INFO - ⏱️ Step completed in 32s

2026-05-16 14:38:57,684 - INFO - 
==================================================
2026-05-16 14:38:57,684 - INFO - 🔷 Handling Missing Values - Initial Count
2026-05-16 14:38:57,685 - INFO - ===============================

2026-05-16 14:39:28,175 - INFO - Nulls in 'transaction_date': 0
2026-05-16 14:39:28,178 - INFO - Nulls in 'amount': 0
2026-05-16 14:39:28,179 - INFO - Nulls in 'transaction_type': 0
2026-05-16 14:39:28,180 - INFO - Nulls in 'customer_name': 100425
2026-05-16 14:39:28,181 - INFO - Nulls in 'customer_address': 100087
2026-05-16 14:39:28,187 - INFO - Nulls in 'customer_city': 100034
2026-05-16 14:39:28,188 - INFO - Nulls in 'customer_state': 100009
2026-05-16 14:39:28,190 - INFO - Nulls in 'customer_country': 100672
2026-05-16 14:39:28,192 - INFO - Nulls in 'company': 100295
2026-05-16 14:39:28,195 - INFO - Nulls in 'job_title': 99924
2026-05-16 14:39:28,197 - INFO - Nulls in 'email': 100043
2026-05-16 14:39:28,201 - INFO - Nulls in 'phone_number': 100524
2026-05-16 14:39:28,206 - INFO - Nulls in 'credit_card_number': 100085
2026-05-16 14:39:28,208 - INFO - Nulls in 'iban': 100300
2026-05-16 14:39:28,209 - INFO - Nulls in 'currency_code': 99342
2026-05-16 14:39:28,210 - INFO - Nulls in 'random_number': 99913
2026-05-16 14:39:28,210 - INFO - Nulls in 'category': 100332
2026-05-16 14:39:28,211 - INFO - Nulls in 'group': 100209
2026-05-16 14:39:28,212 - INFO - Nulls in 'is_active': 100259
2026-05-16 14:39:28,212 - INFO - Nulls in 'last_updated': 100321
2026-05-16 14:39:28,213 - INFO - Nulls in 'description': 100403
2026-05-16 14:39:28,214 - INFO - Nulls in 'gender': 99767
2026-05-16 14:39:28,215 - INFO - Nulls in 'marital_status': 99904
2026-05-16 14:39:28,218 - INFO - 
==================================================
2026-05-16 14:39:28,219 - INFO - 🔷 Filling Missing Values
2026-05-16 14:39:28,223 - INFO - ===============================

2026-05-16 14:39:28,345 - INFO - Missing values filled with defaults.
2026-05-16 14:39:28,346 - INFO - 
==================================================
2026-05-16 14:39:28,347 - INFO - 🔷 Dropping Missing Values
2026-05-16 14:39:28,347 - INFO - ===============================

2026-05-16 14:39:30,608 - INFO - Dropped 100321 rows where 'last_updated' was null.
2026-05-16 14:39:30,611 - INFO - 
==================================================
2026-05-16 14:39:30,612 - INFO - 🔷 Handling Missing Values - After Filling & Dropping
2026-05-16 14:39:30,615 - INFO - ===============================

2026-05-16 14:39:38,460 - INFO - Nulls in 'transaction_date': 0
2026-05-16 14:39:38,461 - INFO - Nulls in 'amount': 0
2026-05-16 14:39:38,462 - INFO - Nulls in 'transaction_type': 0
2026-05-16 14:39:38,462 - INFO - Nulls in 'customer_name': 0
2026-05-16 14:39:38,463 - INFO - Nulls in 'customer_address': 0
2026-05-16 14:39:38,464 - INFO - Nulls in 'customer_city': 0
2026-05-16 14:39:38,464 - INFO - Nulls in 'customer_state': 0
2026-05-16 14:39:38,466 - INFO - Nulls in 'customer_country': 0
2026-05-16 14:39:38,468 - INFO - Nulls in 'company': 0
2026-05-16 14:39:38,469 - INFO - Nulls in 'job_title': 0
2026-05-16 14:39:38,470 - INFO - Nulls in 'email': 0
2026-05-16 14:39:38,471 - INFO - Nulls in 'phone_number': 0
2026-05-16 14:39:38,472 - INFO - Nulls in 'credit_card_number': 0
2026-05-16 14:39:38,472 - INFO - Nulls in 'iban': 0
2026-05-16 14:39:38,473 - INFO - Nulls in 'currency_code': 0
2026-05-16 14:39:38,473 - INFO - Nulls in 'random_number': 0
2026-05-16 14:39:38,476 - INFO - Nulls in 'category': 0
2026-05-16 14:39:38,477 - INFO - Nulls in 'group': 0
2026-05-16 14:39:38,479 - INFO - Nulls in 'is_active': 0
2026-05-16 14:39:38,480 - INFO - Nulls in 'last_updated': 0
2026-05-16 14:39:38,481 - INFO - Nulls in 'description': 0
2026-05-16 14:39:38,483 - INFO - Nulls in 'gender': 0
2026-05-16 14:39:38,488 - INFO - Nulls in 'marital_status': 0
2026-05-16 14:39:38,491 - INFO - 
==================================================
2026-05-16 14:39:38,493 - INFO - 🔷 Removing Duplicates
2026-05-16 14:39:38,495 - INFO - ===============================

2026-05-16 14:40:41,517 - INFO - Removed 0 duplicate rows.
2026-05-16 14:40:41,519 - INFO - ⏱️ Step completed in 1m 43s

2026-05-16 14:40:42,627 - INFO - ✅ Spark session stopped successfully.
2026-05-16 14:40:42,691 - INFO - Closing down clientserver connection
2026-05-16 19:09:50,317 - INFO - 
==================================================
2026-05-16 19:09:50,323 - INFO - 🔷 Creating Spark Session
2026-05-16 19:09:50,326 - INFO - ===============================

2026-05-16 19:10:40,632 - INFO - Spark Session created successfully.
2026-05-16 19:10:40,633 - INFO - 
==================================================
2026-05-16 19:10:40,634 - INFO - 🔷 Reading CSV file: dataset\fibbie_bank_transactions.csv
2026-05-16 19:10:40,634 - INFO - ===============================

2026-05-16 19:11:00,890 - INFO - CSV file 'dataset\fibbie_bank_transactions.csv' read into Spark DataFrame successfully.
2026-05-16 19:11:00,890 - INFO - ⏱️ Step completed in 1m 10s

2026-05-16 19:11:01,194 - INFO - 
==================================================
2026-05-16 19:11:01,195 - INFO - 🔷 Handling Missing Values - Initial Count
2026-05-16 19:11:01,195 - INFO - ===============================

2026-05-16 19:11:33,854 - INFO - Nulls in 'transaction_date': 0
2026-05-16 19:11:33,855 - INFO - Nulls in 'amount': 0
2026-05-16 19:11:33,855 - INFO - Nulls in 'transaction_type': 0
2026-05-16 19:11:33,856 - INFO - Nulls in 'customer_name': 100425
2026-05-16 19:11:33,857 - INFO - Nulls in 'customer_address': 100087
2026-05-16 19:11:33,857 - INFO - Nulls in 'customer_city': 100034
2026-05-16 19:11:33,858 - INFO - Nulls in 'customer_state': 100009
2026-05-16 19:11:33,858 - INFO - Nulls in 'customer_country': 100672
2026-05-16 19:11:33,858 - INFO - Nulls in 'company': 100295
2026-05-16 19:11:33,859 - INFO - Nulls in 'job_title': 99924
2026-05-16 19:11:33,859 - INFO - Nulls in 'email': 100043
2026-05-16 19:11:33,860 - INFO - Nulls in 'phone_number': 100524
2026-05-16 19:11:33,860 - INFO - Nulls in 'credit_card_number': 100085
2026-05-16 19:11:33,861 - INFO - Nulls in 'iban': 100300
2026-05-16 19:11:33,861 - INFO - Nulls in 'currency_code': 99342
2026-05-16 19:11:33,861 - INFO - Nulls in 'random_number': 99913
2026-05-16 19:11:33,862 - INFO - Nulls in 'category': 100332
2026-05-16 19:11:33,862 - INFO - Nulls in 'group': 100209
2026-05-16 19:11:33,863 - INFO - Nulls in 'is_active': 100259
2026-05-16 19:11:33,863 - INFO - Nulls in 'last_updated': 100321
2026-05-16 19:11:33,863 - INFO - Nulls in 'description': 100403
2026-05-16 19:11:33,864 - INFO - Nulls in 'gender': 99767
2026-05-16 19:11:33,864 - INFO - Nulls in 'marital_status': 99904
2026-05-16 19:11:33,864 - INFO - 
==================================================
2026-05-16 19:11:33,864 - INFO - 🔷 Filling Missing Values
2026-05-16 19:11:33,865 - INFO - ===============================

2026-05-16 19:11:33,961 - INFO - Missing values filled with defaults.
2026-05-16 19:11:33,962 - INFO - 
==================================================
2026-05-16 19:11:33,962 - INFO - 🔷 Dropping Missing Values
2026-05-16 19:11:33,963 - INFO - ===============================

2026-05-16 19:11:36,507 - INFO - Dropped 100321 rows where 'last_updated' was null.
2026-05-16 19:11:36,507 - INFO - 
==================================================
2026-05-16 19:11:36,508 - INFO - 🔷 Handling Missing Values - After Filling & Dropping
2026-05-16 19:11:36,508 - INFO - ===============================

2026-05-16 19:11:44,502 - INFO - Nulls in 'transaction_date': 0
2026-05-16 19:11:44,502 - INFO - Nulls in 'amount': 0
2026-05-16 19:11:44,503 - INFO - Nulls in 'transaction_type': 0
2026-05-16 19:11:44,503 - INFO - Nulls in 'customer_name': 0
2026-05-16 19:11:44,504 - INFO - Nulls in 'customer_address': 0
2026-05-16 19:11:44,504 - INFO - Nulls in 'customer_city': 0
2026-05-16 19:11:44,504 - INFO - Nulls in 'customer_state': 0
2026-05-16 19:11:44,505 - INFO - Nulls in 'customer_country': 0
2026-05-16 19:11:44,505 - INFO - Nulls in 'company': 0
2026-05-16 19:11:44,506 - INFO - Nulls in 'job_title': 0
2026-05-16 19:11:44,506 - INFO - Nulls in 'email': 0
2026-05-16 19:11:44,507 - INFO - Nulls in 'phone_number': 0
2026-05-16 19:11:44,507 - INFO - Nulls in 'credit_card_number': 0
2026-05-16 19:11:44,507 - INFO - Nulls in 'iban': 0
2026-05-16 19:11:44,508 - INFO - Nulls in 'currency_code': 0
2026-05-16 19:11:44,508 - INFO - Nulls in 'random_number': 0
2026-05-16 19:11:44,510 - INFO - Nulls in 'category': 0
2026-05-16 19:11:44,510 - INFO - Nulls in 'group': 0
2026-05-16 19:11:44,511 - INFO - Nulls in 'is_active': 0
2026-05-16 19:11:44,511 - INFO - Nulls in 'last_updated': 0
2026-05-16 19:11:44,512 - INFO - Nulls in 'description': 0
2026-05-16 19:11:44,512 - INFO - Nulls in 'gender': 0
2026-05-16 19:11:44,513 - INFO - Nulls in 'marital_status': 0
2026-05-16 19:11:44,513 - INFO - 
==================================================
2026-05-16 19:11:44,513 - INFO - 🔷 Removing Duplicates
2026-05-16 19:11:44,514 - INFO - ===============================

2026-05-16 19:12:43,782 - INFO - Removed 0 duplicate rows.
2026-05-16 19:12:43,783 - INFO - ⏱️ Step completed in 1m 42s

2026-05-16 19:12:43,783 - INFO - 
==================================================
2026-05-16 19:12:43,785 - INFO - 🔷 Creating dim_customer table
2026-05-16 19:12:43,785 - INFO - ===============================

2026-05-16 19:12:43,789 - INFO - ✅ Schema validation passed.
2026-05-16 19:12:43,891 - INFO - 
==================================================
2026-05-16 19:12:43,891 - INFO - 🔷 Creating dim_transaction table
2026-05-16 19:12:43,892 - INFO - ===============================

2026-05-16 19:12:43,892 - INFO - ✅ Schema validation passed.
2026-05-16 19:12:43,933 - INFO - 
==================================================
2026-05-16 19:12:43,933 - INFO - 🔷 Creating dim_employee table
2026-05-16 19:12:43,934 - INFO - ===============================

2026-05-16 19:12:43,935 - INFO - ✅ Schema validation passed.
2026-05-16 19:12:43,974 - INFO - 
==================================================
2026-05-16 19:12:43,974 - INFO - 🔷 Creating fact_table table
2026-05-16 19:12:43,975 - INFO - ===============================

2026-05-16 19:12:44,210 - ERROR - ❌ An error occurred during transformation: [UNRESOLVED_USING_COLUMN_FOR_JOIN] USING column `customer_id` cannot be resolved on the left side of the join. The left-side columns: [`amount`, `category`, `company`, `credit_card_number`, `currency_code`, `customer_address`, `customer_city`, `customer_country`, `customer_name`, `customer_state`, `description`, `email`, `gender`, `group`, `iban`, `is_active`, `job_title`, `last_updated`, `marital_status`, `phone_number`, `random_number`, `transaction_date`, `transaction_type`]. SQLSTATE: 42703
2026-05-16 19:12:44,312 - INFO - Closing down clientserver connection
2026-05-16 19:19:01,074 - INFO - 
==================================================
2026-05-16 19:19:01,075 - INFO - 🔷 Creating Spark Session
2026-05-16 19:19:01,076 - INFO - ===============================

2026-05-16 19:19:20,594 - INFO - Spark Session created successfully.
2026-05-16 19:19:20,595 - INFO - 
==================================================
2026-05-16 19:19:20,595 - INFO - 🔷 Reading CSV file: dataset\fibbie_bank_transactions.csv
2026-05-16 19:19:20,595 - INFO - ===============================

2026-05-16 19:19:30,807 - INFO - CSV file 'dataset\fibbie_bank_transactions.csv' read into Spark DataFrame successfully.
2026-05-16 19:19:30,808 - INFO - ⏱️ Step completed in 29s

2026-05-16 19:19:31,160 - INFO - 
==================================================
2026-05-16 19:19:31,160 - INFO - 🔷 Handling Missing Values - Initial Count
2026-05-16 19:19:31,161 - INFO - ===============================

2026-05-16 19:19:58,987 - INFO - Nulls in 'transaction_date': 0
2026-05-16 19:19:58,987 - INFO - Nulls in 'amount': 0
2026-05-16 19:19:58,988 - INFO - Nulls in 'transaction_type': 0
2026-05-16 19:19:58,988 - INFO - Nulls in 'customer_name': 100425
2026-05-16 19:19:58,989 - INFO - Nulls in 'customer_address': 100087
2026-05-16 19:19:58,989 - INFO - Nulls in 'customer_city': 100034
2026-05-16 19:19:58,990 - INFO - Nulls in 'customer_state': 100009
2026-05-16 19:19:58,990 - INFO - Nulls in 'customer_country': 100672
2026-05-16 19:19:58,990 - INFO - Nulls in 'company': 100295
2026-05-16 19:19:58,991 - INFO - Nulls in 'job_title': 99924
2026-05-16 19:19:58,991 - INFO - Nulls in 'email': 100043
2026-05-16 19:19:58,991 - INFO - Nulls in 'phone_number': 100524
2026-05-16 19:19:58,992 - INFO - Nulls in 'credit_card_number': 100085
2026-05-16 19:19:58,992 - INFO - Nulls in 'iban': 100300
2026-05-16 19:19:58,993 - INFO - Nulls in 'currency_code': 99342
2026-05-16 19:19:58,993 - INFO - Nulls in 'random_number': 99913
2026-05-16 19:19:58,993 - INFO - Nulls in 'category': 100332
2026-05-16 19:19:58,993 - INFO - Nulls in 'group': 100209
2026-05-16 19:19:58,994 - INFO - Nulls in 'is_active': 100259
2026-05-16 19:19:58,994 - INFO - Nulls in 'last_updated': 100321
2026-05-16 19:19:58,995 - INFO - Nulls in 'description': 100403
2026-05-16 19:19:58,995 - INFO - Nulls in 'gender': 99767
2026-05-16 19:19:58,996 - INFO - Nulls in 'marital_status': 99904
2026-05-16 19:19:58,996 - INFO - 
==================================================
2026-05-16 19:19:58,997 - INFO - 🔷 Filling Missing Values
2026-05-16 19:19:58,997 - INFO - ===============================

2026-05-16 19:19:59,089 - INFO - Missing values filled with defaults.
2026-05-16 19:19:59,089 - INFO - 
==================================================
2026-05-16 19:19:59,090 - INFO - 🔷 Dropping Missing Values
2026-05-16 19:19:59,090 - INFO - ===============================

2026-05-16 19:20:00,793 - INFO - Dropped 100321 rows where 'last_updated' was null.
2026-05-16 19:20:00,793 - INFO - 
==================================================
2026-05-16 19:20:00,793 - INFO - 🔷 Handling Missing Values - After Filling & Dropping
2026-05-16 19:20:00,794 - INFO - ===============================

2026-05-16 19:20:06,858 - INFO - Nulls in 'transaction_date': 0
2026-05-16 19:20:06,858 - INFO - Nulls in 'amount': 0
2026-05-16 19:20:06,859 - INFO - Nulls in 'transaction_type': 0
2026-05-16 19:20:06,859 - INFO - Nulls in 'customer_name': 0
2026-05-16 19:20:06,859 - INFO - Nulls in 'customer_address': 0
2026-05-16 19:20:06,860 - INFO - Nulls in 'customer_city': 0
2026-05-16 19:20:06,860 - INFO - Nulls in 'customer_state': 0
2026-05-16 19:20:06,860 - INFO - Nulls in 'customer_country': 0
2026-05-16 19:20:06,861 - INFO - Nulls in 'company': 0
2026-05-16 19:20:06,861 - INFO - Nulls in 'job_title': 0
2026-05-16 19:20:06,862 - INFO - Nulls in 'email': 0
2026-05-16 19:20:06,862 - INFO - Nulls in 'phone_number': 0
2026-05-16 19:20:06,862 - INFO - Nulls in 'credit_card_number': 0
2026-05-16 19:20:06,863 - INFO - Nulls in 'iban': 0
2026-05-16 19:20:06,863 - INFO - Nulls in 'currency_code': 0
2026-05-16 19:20:06,863 - INFO - Nulls in 'random_number': 0
2026-05-16 19:20:06,864 - INFO - Nulls in 'category': 0
2026-05-16 19:20:06,864 - INFO - Nulls in 'group': 0
2026-05-16 19:20:06,865 - INFO - Nulls in 'is_active': 0
2026-05-16 19:20:06,865 - INFO - Nulls in 'last_updated': 0
2026-05-16 19:20:06,866 - INFO - Nulls in 'description': 0
2026-05-16 19:20:06,866 - INFO - Nulls in 'gender': 0
2026-05-16 19:20:06,866 - INFO - Nulls in 'marital_status': 0
2026-05-16 19:20:06,867 - INFO - 
==================================================
2026-05-16 19:20:06,867 - INFO - 🔷 Removing Duplicates
2026-05-16 19:20:06,868 - INFO - ===============================

2026-05-16 19:21:03,792 - INFO - Removed 0 duplicate rows.
2026-05-16 19:21:03,792 - INFO - ⏱️ Step completed in 1m 32s

2026-05-16 19:21:03,793 - INFO - 
==================================================
2026-05-16 19:21:03,794 - INFO - 🔷 Creating dim_customer table
2026-05-16 19:21:03,795 - INFO - ===============================

2026-05-16 19:21:03,799 - INFO - ✅ Schema validation passed.
2026-05-16 19:21:03,879 - INFO - ✅ dim_customer table created with surrogate keys.
2026-05-16 19:21:03,884 - INFO - 
==================================================
2026-05-16 19:21:03,884 - INFO - 🔷 Creating dim_transaction table
2026-05-16 19:21:03,885 - INFO - ===============================

2026-05-16 19:21:03,885 - INFO - ✅ Schema validation passed.
2026-05-16 19:21:03,919 - INFO - ✅ dim_transaction table created with surrogate keys.
2026-05-16 19:21:03,924 - INFO - 
==================================================
2026-05-16 19:21:03,924 - INFO - 🔷 Creating dim_employee table
2026-05-16 19:21:03,925 - INFO - ===============================

2026-05-16 19:21:03,925 - INFO - ✅ Schema validation passed.
2026-05-16 19:21:03,960 - INFO - ✅ dim_employee table created with surrogate keys.
2026-05-16 19:21:03,966 - INFO - 
==================================================
2026-05-16 19:21:03,966 - INFO - 🔷 Creating fact_table table
2026-05-16 19:21:03,967 - INFO - ===============================

2026-05-16 19:21:04,338 - INFO - ✅ Schema validation passed.
2026-05-16 19:21:04,338 - INFO - ✅ fact_table created successfully with all required columns.
2026-05-16 19:21:04,345 - INFO - 
==================================================
2026-05-16 19:21:04,346 - INFO - 🔷 Writing DataFrame to Parquet at: dataset\star_schema\dim_customer
2026-05-16 19:21:04,346 - INFO - ===============================

2026-05-16 19:21:04,348 - INFO - ✅ Ready - output directory: dataset\star_schema
2026-05-16 19:22:18,577 - ERROR - ❌ An error occurred during transformation: An error occurred while calling o317.parquet.
: java.lang.RuntimeException: java.io.FileNotFoundException: Hadoop bin directory does not exist: C:\hadoop\bin\bin -see https://cwiki.apache.org/confluence/display/HADOOP2/WindowsProblems
	at org.apache.hadoop.util.Shell.getWinUtilsPath(Shell.java:789)
	at org.apache.hadoop.util.Shell.getSetPermissionCommand(Shell.java:298)
	at org.apache.hadoop.util.Shell.getSetPermissionCommand(Shell.java:314)
	at org.apache.hadoop.fs.RawLocalFileSystem.setPermission(RawLocalFileSystem.java:1179)
	at org.apache.hadoop.fs.RawLocalFileSystem.mkOneDirWithMode(RawLocalFileSystem.java:861)
	at org.apache.hadoop.fs.RawLocalFileSystem.mkdirsWithOptionalPermission(RawLocalFileSystem.java:901)
	at org.apache.hadoop.fs.RawLocalFileSystem.mkdirs(RawLocalFileSystem.java:873)
	at org.apache.hadoop.fs.RawLocalFileSystem.mkdirsWithOptionalPermission(RawLocalFileSystem.java:900)
	at org.apache.hadoop.fs.RawLocalFileSystem.mkdirs(RawLocalFileSystem.java:873)
	at org.apache.hadoop.fs.RawLocalFileSystem.mkdirsWithOptionalPermission(RawLocalFileSystem.java:900)
	at org.apache.hadoop.fs.RawLocalFileSystem.mkdirs(RawLocalFileSystem.java:873)
	at org.apache.hadoop.fs.ChecksumFileSystem.mkdirs(ChecksumFileSystem.java:1047)
	at org.apache.hadoop.mapreduce.lib.output.FileOutputCommitter.setupJob(FileOutputCommitter.java:356)
	at org.apache.spark.internal.io.HadoopMapReduceCommitProtocol.setupJob(HadoopMapReduceCommitProtocol.scala:180)
	at org.apache.spark.sql.execution.datasources.FileFormatWriter$.writeAndCommit(FileFormatWriter.scala:268)
	at org.apache.spark.sql.execution.datasources.FileFormatWriter$.executeWrite(FileFormatWriter.scala:306)
	at org.apache.spark.sql.execution.datasources.FileFormatWriter$.write(FileFormatWriter.scala:189)
	at org.apache.spark.sql.execution.datasources.InsertIntoHadoopFsRelationCommand.run(InsertIntoHadoopFsRelationCommand.scala:195)
	at org.apache.spark.sql.execution.command.DataWritingCommandExec.sideEffectResult$lzycompute(commands.scala:117)
	at org.apache.spark.sql.execution.command.DataWritingCommandExec.sideEffectResult(commands.scala:115)
	at org.apache.spark.sql.execution.command.DataWritingCommandExec.executeCollect(commands.scala:129)
	at org.apache.spark.sql.execution.adaptive.AdaptiveSparkPlanExec.$anonfun$executeCollect$1(AdaptiveSparkPlanExec.scala:396)
	at org.apache.spark.sql.execution.adaptive.ResultQueryStageExec.$anonfun$doMaterialize$1(QueryStageExec.scala:328)
	at org.apache.spark.sql.execution.SQLExecution$.$anonfun$withThreadLocalCaptured$4(SQLExecution.scala:335)
	at org.apache.spark.sql.execution.SQLExecution$.withSessionTagsApplied(SQLExecution.scala:285)
	at org.apache.spark.sql.execution.SQLExecution$.$anonfun$withThreadLocalCaptured$3(SQLExecution.scala:333)
	at org.apache.spark.JobArtifactSet$.withActiveJobArtifactState(JobArtifactSet.scala:94)
	at org.apache.spark.sql.execution.SQLExecution$.$anonfun$withThreadLocalCaptured$2(SQLExecution.scala:329)
	at java.base/java.util.concurrent.CompletableFuture$AsyncSupply.run(CompletableFuture.java:1768)
	at java.base/java.util.concurrent.ThreadPoolExecutor.runWorker(ThreadPoolExecutor.java:1144)
	at java.base/java.util.concurrent.ThreadPoolExecutor$Worker.run(ThreadPoolExecutor.java:642)
	at org.apache.spark.util.Utils$.getTryWithCallerStacktrace(Utils.scala:1453)
	at org.apache.spark.util.LazyTry.get(LazyTry.scala:58)
	at org.apache.spark.sql.execution.QueryExecution.commandExecuted(QueryExecution.scala:160)
	at org.apache.spark.sql.execution.QueryExecution.assertCommandExecuted(QueryExecution.scala:239)
	at org.apache.spark.sql.classic.DataFrameWriter.runCommand(DataFrameWriter.scala:592)
	at org.apache.spark.sql.classic.DataFrameWriter.save(DataFrameWriter.scala:115)
	at org.apache.spark.sql.DataFrameWriter.parquet(DataFrameWriter.scala:369)
	at java.base/jdk.internal.reflect.NativeMethodAccessorImpl.invoke0(Native Method)
	at java.base/jdk.internal.reflect.NativeMethodAccessorImpl.invoke(NativeMethodAccessorImpl.java:75)
	at java.base/jdk.internal.reflect.DelegatingMethodAccessorImpl.invoke(DelegatingMethodAccessorImpl.java:52)
	at java.base/java.lang.reflect.Method.invoke(Method.java:580)
	at py4j.reflection.MethodInvoker.invoke(MethodInvoker.java:244)
	at py4j.reflection.ReflectionEngine.invoke(ReflectionEngine.java:374)
	at py4j.Gateway.invoke(Gateway.java:282)
	at py4j.commands.AbstractCommand.invokeMethod(AbstractCommand.java:132)
	at py4j.commands.CallCommand.execute(CallCommand.java:79)
	at py4j.ClientServerConnection.waitForCommands(ClientServerConnection.java:184)
	at py4j.ClientServerConnection.run(ClientServerConnection.java:108)
	at java.base/java.lang.Thread.run(Thread.java:1583)
	Suppressed: org.apache.spark.util.Utils$OriginalTryStackTraceException: Full stacktrace of original doTryWithCallerStacktrace caller
		at org.apache.hadoop.util.Shell.getWinUtilsPath(Shell.java:789)
		at org.apache.hadoop.util.Shell.getSetPermissionCommand(Shell.java:298)
		at org.apache.hadoop.util.Shell.getSetPermissionCommand(Shell.java:314)
		at org.apache.hadoop.fs.RawLocalFileSystem.setPermission(RawLocalFileSystem.java:1179)
		at org.apache.hadoop.fs.RawLocalFileSystem.mkOneDirWithMode(RawLocalFileSystem.java:861)
		at org.apache.hadoop.fs.RawLocalFileSystem.mkdirsWithOptionalPermission(RawLocalFileSystem.java:901)
		at org.apache.hadoop.fs.RawLocalFileSystem.mkdirs(RawLocalFileSystem.java:873)
		at org.apache.hadoop.fs.RawLocalFileSystem.mkdirsWithOptionalPermission(RawLocalFileSystem.java:900)
		at org.apache.hadoop.fs.RawLocalFileSystem.mkdirs(RawLocalFileSystem.java:873)
		at org.apache.hadoop.fs.RawLocalFileSystem.mkdirsWithOptionalPermission(RawLocalFileSystem.java:900)
		at org.apache.hadoop.fs.RawLocalFileSystem.mkdirs(RawLocalFileSystem.java:873)
		at org.apache.hadoop.fs.ChecksumFileSystem.mkdirs(ChecksumFileSystem.java:1047)
		at org.apache.hadoop.mapreduce.lib.output.FileOutputCommitter.setupJob(FileOutputCommitter.java:356)
		at org.apache.spark.internal.io.HadoopMapReduceCommitProtocol.setupJob(HadoopMapReduceCommitProtocol.scala:180)
		at org.apache.spark.sql.execution.datasources.FileFormatWriter$.writeAndCommit(FileFormatWriter.scala:268)
		at org.apache.spark.sql.execution.datasources.FileFormatWriter$.executeWrite(FileFormatWriter.scala:306)
		at org.apache.spark.sql.execution.datasources.FileFormatWriter$.write(FileFormatWriter.scala:189)
		at org.apache.spark.sql.execution.datasources.InsertIntoHadoopFsRelationCommand.run(InsertIntoHadoopFsRelationCommand.scala:195)
		at org.apache.spark.sql.execution.command.DataWritingCommandExec.sideEffectResult$lzycompute(commands.scala:117)
		at org.apache.spark.sql.execution.command.DataWritingCommandExec.sideEffectResult(commands.scala:115)
		at org.apache.spark.sql.execution.command.DataWritingCommandExec.executeCollect(commands.scala:129)
		at org.apache.spark.sql.execution.adaptive.AdaptiveSparkPlanExec.$anonfun$executeCollect$1(AdaptiveSparkPlanExec.scala:396)
		at org.apache.spark.sql.execution.adaptive.ResultQueryStageExec.$anonfun$doMaterialize$1(QueryStageExec.scala:328)
		at org.apache.spark.sql.execution.SQLExecution$.$anonfun$withThreadLocalCaptured$4(SQLExecution.scala:335)
		at org.apache.spark.sql.execution.SQLExecution$.withSessionTagsApplied(SQLExecution.scala:285)
		at org.apache.spark.sql.execution.SQLExecution$.$anonfun$withThreadLocalCaptured$3(SQLExecution.scala:333)
		at org.apache.spark.JobArtifactSet$.withActiveJobArtifactState(JobArtifactSet.scala:94)
		at org.apache.spark.sql.execution.SQLExecution$.$anonfun$withThreadLocalCaptured$2(SQLExecution.scala:329)
		at java.base/java.util.concurrent.CompletableFuture$AsyncSupply.run(CompletableFuture.java:1768)
		at java.base/java.util.concurrent.ThreadPoolExecutor.runWorker(ThreadPoolExecutor.java:1144)
		at java.base/java.util.concurrent.ThreadPoolExecutor$Worker.run(ThreadPoolExecutor.java:642)
		... 1 more
Caused by: java.io.FileNotFoundException: Hadoop bin directory does not exist: C:\hadoop\bin\bin -see https://cwiki.apache.org/confluence/display/HADOOP2/WindowsProblems
	at org.apache.hadoop.util.Shell.getQualifiedBinInner(Shell.java:661)
	at org.apache.hadoop.util.Shell.getQualifiedBin(Shell.java:645)
	at org.apache.hadoop.util.Shell.<clinit>(Shell.java:742)
	at org.apache.hadoop.util.StringUtils.<clinit>(StringUtils.java:80)
	at org.apache.hadoop.conf.Configuration.getTimeDurationHelper(Configuration.java:1954)
	at org.apache.hadoop.conf.Configuration.getTimeDuration(Configuration.java:1912)
	at org.apache.hadoop.conf.Configuration.getTimeDuration(Configuration.java:1885)
	at org.apache.hadoop.util.ShutdownHookManager.getShutdownTimeout(ShutdownHookManager.java:183)
	at org.apache.hadoop.util.ShutdownHookManager$HookEntry.<init>(ShutdownHookManager.java:207)
	at org.apache.hadoop.util.ShutdownHookManager.addShutdownHook(ShutdownHookManager.java:304)
	at org.apache.spark.util.SparkShutdownHookManager.$anonfun$install$1(ShutdownHookManager.scala:194)
	at scala.runtime.java8.JFunction0$mcV$sp.apply(JFunction0$mcV$sp.scala:18)
	at scala.Option.fold(Option.scala:263)
	at org.apache.spark.util.SparkShutdownHookManager.install(ShutdownHookManager.scala:195)
	at org.apache.spark.util.ShutdownHookManager$.shutdownHooks$lzycompute(ShutdownHookManager.scala:55)
	at org.apache.spark.util.ShutdownHookManager$.shutdownHooks(ShutdownHookManager.scala:53)
	at org.apache.spark.util.ShutdownHookManager$.addShutdownHook(ShutdownHookManager.scala:159)
	at org.apache.spark.util.ShutdownHookManager$.<clinit>(ShutdownHookManager.scala:63)
	at org.apache.spark.util.Utils$.createTempDir(Utils.scala:249)
	at org.apache.spark.util.SparkFileUtils.createTempDir(SparkFileUtils.scala:125)
	at org.apache.spark.util.SparkFileUtils.createTempDir$(SparkFileUtils.scala:124)
	at org.apache.spark.util.Utils$.createTempDir(Utils.scala:97)
	at org.apache.spark.deploy.SparkSubmit.prepareSubmitEnvironment(SparkSubmit.scala:378)
	at org.apache.spark.deploy.SparkSubmit.org$apache$spark$deploy$SparkSubmit$$runMain(SparkSubmit.scala:962)
	at org.apache.spark.deploy.SparkSubmit.doRunMain$1(SparkSubmit.scala:203)
	at org.apache.spark.deploy.SparkSubmit.submit(SparkSubmit.scala:226)
	at org.apache.spark.deploy.SparkSubmit.doSubmit(SparkSubmit.scala:95)
	at org.apache.spark.deploy.SparkSubmit$$anon$2.doSubmit(SparkSubmit.scala:1168)
	at org.apache.spark.deploy.SparkSubmit$.main(SparkSubmit.scala:1177)
	at org.apache.spark.deploy.SparkSubmit.main(SparkSubmit.scala)

2026-05-16 19:22:20,696 - INFO - Closing down clientserver connection
2026-05-16 19:27:28,063 - INFO - 
==================================================
2026-05-16 19:27:28,064 - INFO - 🔷 Creating Spark Session
2026-05-16 19:27:28,064 - INFO - ===============================

2026-05-16 19:27:45,046 - INFO - Spark Session created successfully.
2026-05-16 19:27:45,046 - INFO - 
==================================================
2026-05-16 19:27:45,047 - INFO - 🔷 Reading CSV file: dataset\fibbie_bank_transactions.csv
2026-05-16 19:27:45,047 - INFO - ===============================

2026-05-16 19:27:55,791 - INFO - CSV file 'dataset\fibbie_bank_transactions.csv' read into Spark DataFrame successfully.
2026-05-16 19:27:55,792 - INFO - ⏱️ Step completed in 27s

2026-05-16 19:27:56,229 - INFO - 
==================================================
2026-05-16 19:27:56,230 - INFO - 🔷 Handling Missing Values - Initial Count
2026-05-16 19:27:56,230 - INFO - ===============================

2026-05-16 19:28:26,613 - INFO - Nulls in 'transaction_date': 0
2026-05-16 19:28:26,614 - INFO - Nulls in 'amount': 0
2026-05-16 19:28:26,617 - INFO - Nulls in 'transaction_type': 0
2026-05-16 19:28:26,622 - INFO - Nulls in 'customer_name': 100425
2026-05-16 19:28:26,625 - INFO - Nulls in 'customer_address': 100087
2026-05-16 19:28:26,626 - INFO - Nulls in 'customer_city': 100034
2026-05-16 19:28:26,627 - INFO - Nulls in 'customer_state': 100009
2026-05-16 19:28:26,627 - INFO - Nulls in 'customer_country': 100672
2026-05-16 19:28:26,628 - INFO - Nulls in 'company': 100295
2026-05-16 19:28:26,629 - INFO - Nulls in 'job_title': 99924
2026-05-16 19:28:26,629 - INFO - Nulls in 'email': 100043
2026-05-16 19:28:26,630 - INFO - Nulls in 'phone_number': 100524
2026-05-16 19:28:26,630 - INFO - Nulls in 'credit_card_number': 100085
2026-05-16 19:28:26,631 - INFO - Nulls in 'iban': 100300
2026-05-16 19:28:26,633 - INFO - Nulls in 'currency_code': 99342
2026-05-16 19:28:26,634 - INFO - Nulls in 'random_number': 99913
2026-05-16 19:28:26,636 - INFO - Nulls in 'category': 100332
2026-05-16 19:28:26,638 - INFO - Nulls in 'group': 100209
2026-05-16 19:28:26,640 - INFO - Nulls in 'is_active': 100259
2026-05-16 19:28:26,640 - INFO - Nulls in 'last_updated': 100321
2026-05-16 19:28:26,641 - INFO - Nulls in 'description': 100403
2026-05-16 19:28:26,646 - INFO - Nulls in 'gender': 99767
2026-05-16 19:28:26,647 - INFO - Nulls in 'marital_status': 99904
2026-05-16 19:28:26,647 - INFO - 
==================================================
2026-05-16 19:28:26,647 - INFO - 🔷 Filling Missing Values
2026-05-16 19:28:26,648 - INFO - ===============================

2026-05-16 19:28:26,730 - INFO - Missing values filled with defaults.
2026-05-16 19:28:26,730 - INFO - 
==================================================
2026-05-16 19:28:26,731 - INFO - 🔷 Dropping Missing Values
2026-05-16 19:28:26,731 - INFO - ===============================

2026-05-16 19:28:28,910 - INFO - Dropped 100321 rows where 'last_updated' was null.
2026-05-16 19:28:28,910 - INFO - 
==================================================
2026-05-16 19:28:28,911 - INFO - 🔷 Handling Missing Values - After Filling & Dropping
2026-05-16 19:28:28,911 - INFO - ===============================

2026-05-16 19:28:34,964 - INFO - Nulls in 'transaction_date': 0
2026-05-16 19:28:34,966 - INFO - Nulls in 'amount': 0
2026-05-16 19:28:34,967 - INFO - Nulls in 'transaction_type': 0
2026-05-16 19:28:34,968 - INFO - Nulls in 'customer_name': 0
2026-05-16 19:28:34,968 - INFO - Nulls in 'customer_address': 0
2026-05-16 19:28:34,968 - INFO - Nulls in 'customer_city': 0
2026-05-16 19:28:34,969 - INFO - Nulls in 'customer_state': 0
2026-05-16 19:28:34,969 - INFO - Nulls in 'customer_country': 0
2026-05-16 19:28:34,970 - INFO - Nulls in 'company': 0
2026-05-16 19:28:34,970 - INFO - Nulls in 'job_title': 0
2026-05-16 19:28:34,970 - INFO - Nulls in 'email': 0
2026-05-16 19:28:34,971 - INFO - Nulls in 'phone_number': 0
2026-05-16 19:28:34,972 - INFO - Nulls in 'credit_card_number': 0
2026-05-16 19:28:34,973 - INFO - Nulls in 'iban': 0
2026-05-16 19:28:34,973 - INFO - Nulls in 'currency_code': 0
2026-05-16 19:28:34,974 - INFO - Nulls in 'random_number': 0
2026-05-16 19:28:34,974 - INFO - Nulls in 'category': 0
2026-05-16 19:28:34,975 - INFO - Nulls in 'group': 0
2026-05-16 19:28:34,975 - INFO - Nulls in 'is_active': 0
2026-05-16 19:28:34,976 - INFO - Nulls in 'last_updated': 0
2026-05-16 19:28:34,976 - INFO - Nulls in 'description': 0
2026-05-16 19:28:34,977 - INFO - Nulls in 'gender': 0
2026-05-16 19:28:34,977 - INFO - Nulls in 'marital_status': 0
2026-05-16 19:28:34,977 - INFO - 
==================================================
2026-05-16 19:28:34,978 - INFO - 🔷 Removing Duplicates
2026-05-16 19:28:34,979 - INFO - ===============================

2026-05-16 19:29:25,621 - INFO - Removed 0 duplicate rows.
2026-05-16 19:29:25,622 - INFO - ⏱️ Step completed in 1m 29s

2026-05-16 19:29:25,623 - INFO - 
==================================================
2026-05-16 19:29:25,624 - INFO - 🔷 Creating dim_customer table
2026-05-16 19:29:25,624 - INFO - ===============================

2026-05-16 19:29:25,630 - INFO - ✅ Schema validation passed.
2026-05-16 19:29:28,319 - INFO - ✅ dim_customer table created with surrogate keys.
2026-05-16 19:29:28,329 - INFO - 
==================================================
2026-05-16 19:29:28,331 - INFO - 🔷 Creating dim_transaction table
2026-05-16 19:29:28,331 - INFO - ===============================

2026-05-16 19:29:28,333 - INFO - ✅ Schema validation passed.
2026-05-16 19:29:28,418 - INFO - ✅ dim_transaction table created with surrogate keys.
2026-05-16 19:29:28,432 - INFO - 
==================================================
2026-05-16 19:29:28,433 - INFO - 🔷 Creating dim_employee table
2026-05-16 19:29:28,434 - INFO - ===============================

2026-05-16 19:29:28,435 - INFO - ✅ Schema validation passed.
2026-05-16 19:29:28,489 - INFO - ✅ dim_employee table created with surrogate keys.
2026-05-16 19:29:28,494 - INFO - 
==================================================
2026-05-16 19:29:28,495 - INFO - 🔷 Creating fact_table table
2026-05-16 19:29:28,496 - INFO - ===============================

2026-05-16 19:29:29,556 - INFO - ✅ Schema validation passed.
2026-05-16 19:29:29,557 - INFO - ✅ fact_table created successfully with all required columns.
2026-05-16 19:29:29,568 - INFO - 
==================================================
2026-05-16 19:29:29,568 - INFO - 🔷 Writing DataFrame to Parquet at: dataset\star_schema\dim_customer
2026-05-16 19:29:29,569 - INFO - ===============================

2026-05-16 19:29:29,573 - INFO - ✅ Ready - output directory: dataset\star_schema
2026-05-16 19:30:40,271 - ERROR - ❌ An error occurred during transformation: An error occurred while calling o321.parquet.
: java.lang.RuntimeException: java.io.FileNotFoundException: Hadoop bin directory does not exist: C:\hadoop\bin\bin -see https://cwiki.apache.org/confluence/display/HADOOP2/WindowsProblems
	at org.apache.hadoop.util.Shell.getWinUtilsPath(Shell.java:789)
	at org.apache.hadoop.util.Shell.getSetPermissionCommand(Shell.java:298)
	at org.apache.hadoop.util.Shell.getSetPermissionCommand(Shell.java:314)
	at org.apache.hadoop.fs.RawLocalFileSystem.setPermission(RawLocalFileSystem.java:1179)
	at org.apache.hadoop.fs.RawLocalFileSystem.mkOneDirWithMode(RawLocalFileSystem.java:861)
	at org.apache.hadoop.fs.RawLocalFileSystem.mkdirsWithOptionalPermission(RawLocalFileSystem.java:901)
	at org.apache.hadoop.fs.RawLocalFileSystem.mkdirs(RawLocalFileSystem.java:873)
	at org.apache.hadoop.fs.RawLocalFileSystem.mkdirsWithOptionalPermission(RawLocalFileSystem.java:900)
	at org.apache.hadoop.fs.RawLocalFileSystem.mkdirs(RawLocalFileSystem.java:873)
	at org.apache.hadoop.fs.RawLocalFileSystem.mkdirsWithOptionalPermission(RawLocalFileSystem.java:900)
	at org.apache.hadoop.fs.RawLocalFileSystem.mkdirs(RawLocalFileSystem.java:873)
	at org.apache.hadoop.fs.ChecksumFileSystem.mkdirs(ChecksumFileSystem.java:1047)
	at org.apache.hadoop.mapreduce.lib.output.FileOutputCommitter.setupJob(FileOutputCommitter.java:356)
	at org.apache.spark.internal.io.HadoopMapReduceCommitProtocol.setupJob(HadoopMapReduceCommitProtocol.scala:180)
	at org.apache.spark.sql.execution.datasources.FileFormatWriter$.writeAndCommit(FileFormatWriter.scala:268)
	at org.apache.spark.sql.execution.datasources.FileFormatWriter$.executeWrite(FileFormatWriter.scala:306)
	at org.apache.spark.sql.execution.datasources.FileFormatWriter$.write(FileFormatWriter.scala:189)
	at org.apache.spark.sql.execution.datasources.InsertIntoHadoopFsRelationCommand.run(InsertIntoHadoopFsRelationCommand.scala:195)
	at org.apache.spark.sql.execution.command.DataWritingCommandExec.sideEffectResult$lzycompute(commands.scala:117)
	at org.apache.spark.sql.execution.command.DataWritingCommandExec.sideEffectResult(commands.scala:115)
	at org.apache.spark.sql.execution.command.DataWritingCommandExec.executeCollect(commands.scala:129)
	at org.apache.spark.sql.execution.adaptive.AdaptiveSparkPlanExec.$anonfun$executeCollect$1(AdaptiveSparkPlanExec.scala:396)
	at org.apache.spark.sql.execution.adaptive.ResultQueryStageExec.$anonfun$doMaterialize$1(QueryStageExec.scala:328)
	at org.apache.spark.sql.execution.SQLExecution$.$anonfun$withThreadLocalCaptured$4(SQLExecution.scala:335)
	at org.apache.spark.sql.execution.SQLExecution$.withSessionTagsApplied(SQLExecution.scala:285)
	at org.apache.spark.sql.execution.SQLExecution$.$anonfun$withThreadLocalCaptured$3(SQLExecution.scala:333)
	at org.apache.spark.JobArtifactSet$.withActiveJobArtifactState(JobArtifactSet.scala:94)
	at org.apache.spark.sql.execution.SQLExecution$.$anonfun$withThreadLocalCaptured$2(SQLExecution.scala:329)
	at java.base/java.util.concurrent.CompletableFuture$AsyncSupply.run(CompletableFuture.java:1768)
	at java.base/java.util.concurrent.ThreadPoolExecutor.runWorker(ThreadPoolExecutor.java:1144)
	at java.base/java.util.concurrent.ThreadPoolExecutor$Worker.run(ThreadPoolExecutor.java:642)
	at org.apache.spark.util.Utils$.getTryWithCallerStacktrace(Utils.scala:1453)
	at org.apache.spark.util.LazyTry.get(LazyTry.scala:58)
	at org.apache.spark.sql.execution.QueryExecution.commandExecuted(QueryExecution.scala:160)
	at org.apache.spark.sql.execution.QueryExecution.assertCommandExecuted(QueryExecution.scala:239)
	at org.apache.spark.sql.classic.DataFrameWriter.runCommand(DataFrameWriter.scala:592)
	at org.apache.spark.sql.classic.DataFrameWriter.save(DataFrameWriter.scala:115)
	at org.apache.spark.sql.DataFrameWriter.parquet(DataFrameWriter.scala:369)
	at java.base/jdk.internal.reflect.NativeMethodAccessorImpl.invoke0(Native Method)
	at java.base/jdk.internal.reflect.NativeMethodAccessorImpl.invoke(NativeMethodAccessorImpl.java:75)
	at java.base/jdk.internal.reflect.DelegatingMethodAccessorImpl.invoke(DelegatingMethodAccessorImpl.java:52)
	at java.base/java.lang.reflect.Method.invoke(Method.java:580)
	at py4j.reflection.MethodInvoker.invoke(MethodInvoker.java:244)
	at py4j.reflection.ReflectionEngine.invoke(ReflectionEngine.java:374)
	at py4j.Gateway.invoke(Gateway.java:282)
	at py4j.commands.AbstractCommand.invokeMethod(AbstractCommand.java:132)
	at py4j.commands.CallCommand.execute(CallCommand.java:79)
	at py4j.ClientServerConnection.waitForCommands(ClientServerConnection.java:184)
	at py4j.ClientServerConnection.run(ClientServerConnection.java:108)
	at java.base/java.lang.Thread.run(Thread.java:1583)
	Suppressed: org.apache.spark.util.Utils$OriginalTryStackTraceException: Full stacktrace of original doTryWithCallerStacktrace caller
		at org.apache.hadoop.util.Shell.getWinUtilsPath(Shell.java:789)
		at org.apache.hadoop.util.Shell.getSetPermissionCommand(Shell.java:298)
		at org.apache.hadoop.util.Shell.getSetPermissionCommand(Shell.java:314)
		at org.apache.hadoop.fs.RawLocalFileSystem.setPermission(RawLocalFileSystem.java:1179)
		at org.apache.hadoop.fs.RawLocalFileSystem.mkOneDirWithMode(RawLocalFileSystem.java:861)
		at org.apache.hadoop.fs.RawLocalFileSystem.mkdirsWithOptionalPermission(RawLocalFileSystem.java:901)
		at org.apache.hadoop.fs.RawLocalFileSystem.mkdirs(RawLocalFileSystem.java:873)
		at org.apache.hadoop.fs.RawLocalFileSystem.mkdirsWithOptionalPermission(RawLocalFileSystem.java:900)
		at org.apache.hadoop.fs.RawLocalFileSystem.mkdirs(RawLocalFileSystem.java:873)
		at org.apache.hadoop.fs.RawLocalFileSystem.mkdirsWithOptionalPermission(RawLocalFileSystem.java:900)
		at org.apache.hadoop.fs.RawLocalFileSystem.mkdirs(RawLocalFileSystem.java:873)
		at org.apache.hadoop.fs.ChecksumFileSystem.mkdirs(ChecksumFileSystem.java:1047)
		at org.apache.hadoop.mapreduce.lib.output.FileOutputCommitter.setupJob(FileOutputCommitter.java:356)
		at org.apache.spark.internal.io.HadoopMapReduceCommitProtocol.setupJob(HadoopMapReduceCommitProtocol.scala:180)
		at org.apache.spark.sql.execution.datasources.FileFormatWriter$.writeAndCommit(FileFormatWriter.scala:268)
		at org.apache.spark.sql.execution.datasources.FileFormatWriter$.executeWrite(FileFormatWriter.scala:306)
		at org.apache.spark.sql.execution.datasources.FileFormatWriter$.write(FileFormatWriter.scala:189)
		at org.apache.spark.sql.execution.datasources.InsertIntoHadoopFsRelationCommand.run(InsertIntoHadoopFsRelationCommand.scala:195)
		at org.apache.spark.sql.execution.command.DataWritingCommandExec.sideEffectResult$lzycompute(commands.scala:117)
		at org.apache.spark.sql.execution.command.DataWritingCommandExec.sideEffectResult(commands.scala:115)
		at org.apache.spark.sql.execution.command.DataWritingCommandExec.executeCollect(commands.scala:129)
		at org.apache.spark.sql.execution.adaptive.AdaptiveSparkPlanExec.$anonfun$executeCollect$1(AdaptiveSparkPlanExec.scala:396)
		at org.apache.spark.sql.execution.adaptive.ResultQueryStageExec.$anonfun$doMaterialize$1(QueryStageExec.scala:328)
		at org.apache.spark.sql.execution.SQLExecution$.$anonfun$withThreadLocalCaptured$4(SQLExecution.scala:335)
		at org.apache.spark.sql.execution.SQLExecution$.withSessionTagsApplied(SQLExecution.scala:285)
		at org.apache.spark.sql.execution.SQLExecution$.$anonfun$withThreadLocalCaptured$3(SQLExecution.scala:333)
		at org.apache.spark.JobArtifactSet$.withActiveJobArtifactState(JobArtifactSet.scala:94)
		at org.apache.spark.sql.execution.SQLExecution$.$anonfun$withThreadLocalCaptured$2(SQLExecution.scala:329)
		at java.base/java.util.concurrent.CompletableFuture$AsyncSupply.run(CompletableFuture.java:1768)
		at java.base/java.util.concurrent.ThreadPoolExecutor.runWorker(ThreadPoolExecutor.java:1144)
		at java.base/java.util.concurrent.ThreadPoolExecutor$Worker.run(ThreadPoolExecutor.java:642)
		... 1 more
Caused by: java.io.FileNotFoundException: Hadoop bin directory does not exist: C:\hadoop\bin\bin -see https://cwiki.apache.org/confluence/display/HADOOP2/WindowsProblems
	at org.apache.hadoop.util.Shell.getQualifiedBinInner(Shell.java:661)
	at org.apache.hadoop.util.Shell.getQualifiedBin(Shell.java:645)
	at org.apache.hadoop.util.Shell.<clinit>(Shell.java:742)
	at org.apache.hadoop.util.StringUtils.<clinit>(StringUtils.java:80)
	at org.apache.hadoop.conf.Configuration.getTimeDurationHelper(Configuration.java:1954)
	at org.apache.hadoop.conf.Configuration.getTimeDuration(Configuration.java:1912)
	at org.apache.hadoop.conf.Configuration.getTimeDuration(Configuration.java:1885)
	at org.apache.hadoop.util.ShutdownHookManager.getShutdownTimeout(ShutdownHookManager.java:183)
	at org.apache.hadoop.util.ShutdownHookManager$HookEntry.<init>(ShutdownHookManager.java:207)
	at org.apache.hadoop.util.ShutdownHookManager.addShutdownHook(ShutdownHookManager.java:304)
	at org.apache.spark.util.SparkShutdownHookManager.$anonfun$install$1(ShutdownHookManager.scala:194)
	at scala.runtime.java8.JFunction0$mcV$sp.apply(JFunction0$mcV$sp.scala:18)
	at scala.Option.fold(Option.scala:263)
	at org.apache.spark.util.SparkShutdownHookManager.install(ShutdownHookManager.scala:195)
	at org.apache.spark.util.ShutdownHookManager$.shutdownHooks$lzycompute(ShutdownHookManager.scala:55)
	at org.apache.spark.util.ShutdownHookManager$.shutdownHooks(ShutdownHookManager.scala:53)
	at org.apache.spark.util.ShutdownHookManager$.addShutdownHook(ShutdownHookManager.scala:159)
	at org.apache.spark.util.ShutdownHookManager$.<clinit>(ShutdownHookManager.scala:63)
	at org.apache.spark.util.Utils$.createTempDir(Utils.scala:249)
	at org.apache.spark.util.SparkFileUtils.createTempDir(SparkFileUtils.scala:125)
	at org.apache.spark.util.SparkFileUtils.createTempDir$(SparkFileUtils.scala:124)
	at org.apache.spark.util.Utils$.createTempDir(Utils.scala:97)
	at org.apache.spark.deploy.SparkSubmit.prepareSubmitEnvironment(SparkSubmit.scala:378)
	at org.apache.spark.deploy.SparkSubmit.org$apache$spark$deploy$SparkSubmit$$runMain(SparkSubmit.scala:962)
	at org.apache.spark.deploy.SparkSubmit.doRunMain$1(SparkSubmit.scala:203)
	at org.apache.spark.deploy.SparkSubmit.submit(SparkSubmit.scala:226)
	at org.apache.spark.deploy.SparkSubmit.doSubmit(SparkSubmit.scala:95)
	at org.apache.spark.deploy.SparkSubmit$$anon$2.doSubmit(SparkSubmit.scala:1168)
	at org.apache.spark.deploy.SparkSubmit$.main(SparkSubmit.scala:1177)
	at org.apache.spark.deploy.SparkSubmit.main(SparkSubmit.scala)

2026-05-16 19:30:47,431 - INFO - Closing down clientserver connection
2026-05-16 19:52:22,082 - INFO - 
==================================================
2026-05-16 19:52:22,085 - INFO - 🔷 Creating Spark Session
2026-05-16 19:52:22,087 - INFO - ===============================

2026-05-16 19:53:51,937 - INFO - Spark Session created successfully.
2026-05-16 19:53:51,938 - INFO - 
==================================================
2026-05-16 19:53:51,938 - INFO - 🔷 Reading CSV file: dataset\fibbie_bank_transactions.csv
2026-05-16 19:53:51,939 - INFO - ===============================

2026-05-16 19:54:08,398 - INFO - CSV file 'dataset\fibbie_bank_transactions.csv' read into Spark DataFrame successfully.
2026-05-16 19:54:08,399 - INFO - ⏱️ Step completed in 1m 46s

2026-05-16 19:54:08,738 - INFO - 
==================================================
2026-05-16 19:54:08,739 - INFO - 🔷 Handling Missing Values - Initial Count
2026-05-16 19:54:08,739 - INFO - ===============================

2026-05-16 19:54:40,627 - INFO - Nulls in 'transaction_date': 0
2026-05-16 19:54:40,628 - INFO - Nulls in 'amount': 0
2026-05-16 19:54:40,628 - INFO - Nulls in 'transaction_type': 0
2026-05-16 19:54:40,629 - INFO - Nulls in 'customer_name': 100425
2026-05-16 19:54:40,630 - INFO - Nulls in 'customer_address': 100087
2026-05-16 19:54:40,631 - INFO - Nulls in 'customer_city': 100034
2026-05-16 19:54:40,631 - INFO - Nulls in 'customer_state': 100009
2026-05-16 19:54:40,632 - INFO - Nulls in 'customer_country': 100672
2026-05-16 19:54:40,632 - INFO - Nulls in 'company': 100295
2026-05-16 19:54:40,633 - INFO - Nulls in 'job_title': 99924
2026-05-16 19:54:40,633 - INFO - Nulls in 'email': 100043
2026-05-16 19:54:40,634 - INFO - Nulls in 'phone_number': 100524
2026-05-16 19:54:40,634 - INFO - Nulls in 'credit_card_number': 100085
2026-05-16 19:54:40,634 - INFO - Nulls in 'iban': 100300
2026-05-16 19:54:40,635 - INFO - Nulls in 'currency_code': 99342
2026-05-16 19:54:40,635 - INFO - Nulls in 'random_number': 99913
2026-05-16 19:54:40,636 - INFO - Nulls in 'category': 100332
2026-05-16 19:54:40,636 - INFO - Nulls in 'group': 100209
2026-05-16 19:54:40,636 - INFO - Nulls in 'is_active': 100259
2026-05-16 19:54:40,637 - INFO - Nulls in 'last_updated': 100321
2026-05-16 19:54:40,637 - INFO - Nulls in 'description': 100403
2026-05-16 19:54:40,638 - INFO - Nulls in 'gender': 99767
2026-05-16 19:54:40,638 - INFO - Nulls in 'marital_status': 99904
2026-05-16 19:54:40,639 - INFO - 
==================================================
2026-05-16 19:54:40,639 - INFO - 🔷 Filling Missing Values
2026-05-16 19:54:40,640 - INFO - ===============================

2026-05-16 19:54:40,741 - INFO - Missing values filled with defaults.
2026-05-16 19:54:40,742 - INFO - 
==================================================
2026-05-16 19:54:40,742 - INFO - 🔷 Dropping Missing Values
2026-05-16 19:54:40,743 - INFO - ===============================

2026-05-16 19:54:43,093 - INFO - Dropped 100321 rows where 'last_updated' was null.
2026-05-16 19:54:43,094 - INFO - 
==================================================
2026-05-16 19:54:43,095 - INFO - 🔷 Handling Missing Values - After Filling & Dropping
2026-05-16 19:54:43,095 - INFO - ===============================

2026-05-16 19:54:50,666 - INFO - Nulls in 'transaction_date': 0
2026-05-16 19:54:50,667 - INFO - Nulls in 'amount': 0
2026-05-16 19:54:50,667 - INFO - Nulls in 'transaction_type': 0
2026-05-16 19:54:50,667 - INFO - Nulls in 'customer_name': 0
2026-05-16 19:54:50,668 - INFO - Nulls in 'customer_address': 0
2026-05-16 19:54:50,668 - INFO - Nulls in 'customer_city': 0
2026-05-16 19:54:50,669 - INFO - Nulls in 'customer_state': 0
2026-05-16 19:54:50,669 - INFO - Nulls in 'customer_country': 0
2026-05-16 19:54:50,669 - INFO - Nulls in 'company': 0
2026-05-16 19:54:50,670 - INFO - Nulls in 'job_title': 0
2026-05-16 19:54:50,670 - INFO - Nulls in 'email': 0
2026-05-16 19:54:50,670 - INFO - Nulls in 'phone_number': 0
2026-05-16 19:54:50,671 - INFO - Nulls in 'credit_card_number': 0
2026-05-16 19:54:50,671 - INFO - Nulls in 'iban': 0
2026-05-16 19:54:50,672 - INFO - Nulls in 'currency_code': 0
2026-05-16 19:54:50,672 - INFO - Nulls in 'random_number': 0
2026-05-16 19:54:50,672 - INFO - Nulls in 'category': 0
2026-05-16 19:54:50,673 - INFO - Nulls in 'group': 0
2026-05-16 19:54:50,674 - INFO - Nulls in 'is_active': 0
2026-05-16 19:54:50,674 - INFO - Nulls in 'last_updated': 0
2026-05-16 19:54:50,674 - INFO - Nulls in 'description': 0
2026-05-16 19:54:50,675 - INFO - Nulls in 'gender': 0
2026-05-16 19:54:50,675 - INFO - Nulls in 'marital_status': 0
2026-05-16 19:54:50,675 - INFO - 
==================================================
2026-05-16 19:54:50,676 - INFO - 🔷 Removing Duplicates
2026-05-16 19:54:50,676 - INFO - ===============================

2026-05-16 20:03:01,163 - INFO - Removed 0 duplicate rows.
2026-05-16 20:03:01,165 - INFO - ⏱️ Step completed in 8m 52s

2026-05-16 20:03:01,166 - INFO - 
==================================================
2026-05-16 20:03:01,166 - INFO - 🔷 Creating dim_customer table
2026-05-16 20:03:01,166 - INFO - ===============================

2026-05-16 20:03:01,169 - INFO - ✅ Schema validation passed.
2026-05-16 20:03:01,484 - INFO - ✅ dim_customer table created with surrogate keys.
2026-05-16 20:03:01,491 - INFO - 
==================================================
2026-05-16 20:03:01,495 - INFO - 🔷 Creating dim_transaction table
2026-05-16 20:03:01,497 - INFO - ===============================

2026-05-16 20:03:01,498 - INFO - ✅ Schema validation passed.
2026-05-16 20:03:01,531 - INFO - ✅ dim_transaction table created with surrogate keys.
2026-05-16 20:03:01,543 - INFO - 
==================================================
2026-05-16 20:03:01,544 - INFO - 🔷 Creating dim_employee table
2026-05-16 20:03:01,544 - INFO - ===============================

2026-05-16 20:03:01,546 - INFO - ✅ Schema validation passed.
2026-05-16 20:03:01,577 - INFO - ✅ dim_employee table created with surrogate keys.
2026-05-16 20:03:01,582 - INFO - 
==================================================
2026-05-16 20:03:01,582 - INFO - 🔷 Creating fact_table table
2026-05-16 20:03:01,583 - INFO - ===============================

2026-05-16 20:03:03,060 - INFO - ✅ Schema validation passed.
2026-05-16 20:03:03,061 - INFO - ✅ fact_table created successfully with all required columns.
2026-05-16 20:03:03,072 - INFO - 
==================================================
2026-05-16 20:03:03,073 - INFO - 🔷 Writing DataFrame to Parquet at: dataset\star_schema\dim_customer
2026-05-16 20:03:03,080 - INFO - ===============================

2026-05-16 20:03:03,082 - INFO - ✅ Ready - output directory: dataset\star_schema
2026-05-16 20:05:13,275 - ERROR - ❌ An error occurred during transformation: An error occurred while calling o317.parquet.
: java.lang.RuntimeException: java.io.FileNotFoundException: Hadoop bin directory does not exist: C:\hadoop\bin\bin -see https://cwiki.apache.org/confluence/display/HADOOP2/WindowsProblems
	at org.apache.hadoop.util.Shell.getWinUtilsPath(Shell.java:789)
	at org.apache.hadoop.util.Shell.getSetPermissionCommand(Shell.java:298)
	at org.apache.hadoop.util.Shell.getSetPermissionCommand(Shell.java:314)
	at org.apache.hadoop.fs.RawLocalFileSystem.setPermission(RawLocalFileSystem.java:1179)
	at org.apache.hadoop.fs.RawLocalFileSystem.mkOneDirWithMode(RawLocalFileSystem.java:861)
	at org.apache.hadoop.fs.RawLocalFileSystem.mkdirsWithOptionalPermission(RawLocalFileSystem.java:901)
	at org.apache.hadoop.fs.RawLocalFileSystem.mkdirs(RawLocalFileSystem.java:873)
	at org.apache.hadoop.fs.RawLocalFileSystem.mkdirsWithOptionalPermission(RawLocalFileSystem.java:900)
	at org.apache.hadoop.fs.RawLocalFileSystem.mkdirs(RawLocalFileSystem.java:873)
	at org.apache.hadoop.fs.RawLocalFileSystem.mkdirsWithOptionalPermission(RawLocalFileSystem.java:900)
	at org.apache.hadoop.fs.RawLocalFileSystem.mkdirs(RawLocalFileSystem.java:873)
	at org.apache.hadoop.fs.ChecksumFileSystem.mkdirs(ChecksumFileSystem.java:1047)
	at org.apache.hadoop.mapreduce.lib.output.FileOutputCommitter.setupJob(FileOutputCommitter.java:356)
	at org.apache.spark.internal.io.HadoopMapReduceCommitProtocol.setupJob(HadoopMapReduceCommitProtocol.scala:180)
	at org.apache.spark.sql.execution.datasources.FileFormatWriter$.writeAndCommit(FileFormatWriter.scala:268)
	at org.apache.spark.sql.execution.datasources.FileFormatWriter$.executeWrite(FileFormatWriter.scala:306)
	at org.apache.spark.sql.execution.datasources.FileFormatWriter$.write(FileFormatWriter.scala:189)
	at org.apache.spark.sql.execution.datasources.InsertIntoHadoopFsRelationCommand.run(InsertIntoHadoopFsRelationCommand.scala:195)
	at org.apache.spark.sql.execution.command.DataWritingCommandExec.sideEffectResult$lzycompute(commands.scala:117)
	at org.apache.spark.sql.execution.command.DataWritingCommandExec.sideEffectResult(commands.scala:115)
	at org.apache.spark.sql.execution.command.DataWritingCommandExec.executeCollect(commands.scala:129)
	at org.apache.spark.sql.execution.adaptive.AdaptiveSparkPlanExec.$anonfun$executeCollect$1(AdaptiveSparkPlanExec.scala:396)
	at org.apache.spark.sql.execution.adaptive.ResultQueryStageExec.$anonfun$doMaterialize$1(QueryStageExec.scala:328)
	at org.apache.spark.sql.execution.SQLExecution$.$anonfun$withThreadLocalCaptured$4(SQLExecution.scala:335)
	at org.apache.spark.sql.execution.SQLExecution$.withSessionTagsApplied(SQLExecution.scala:285)
	at org.apache.spark.sql.execution.SQLExecution$.$anonfun$withThreadLocalCaptured$3(SQLExecution.scala:333)
	at org.apache.spark.JobArtifactSet$.withActiveJobArtifactState(JobArtifactSet.scala:94)
	at org.apache.spark.sql.execution.SQLExecution$.$anonfun$withThreadLocalCaptured$2(SQLExecution.scala:329)
	at java.base/java.util.concurrent.CompletableFuture$AsyncSupply.run(CompletableFuture.java:1768)
	at java.base/java.util.concurrent.ThreadPoolExecutor.runWorker(ThreadPoolExecutor.java:1144)
	at java.base/java.util.concurrent.ThreadPoolExecutor$Worker.run(ThreadPoolExecutor.java:642)
	at org.apache.spark.util.Utils$.getTryWithCallerStacktrace(Utils.scala:1453)
	at org.apache.spark.util.LazyTry.get(LazyTry.scala:58)
	at org.apache.spark.sql.execution.QueryExecution.commandExecuted(QueryExecution.scala:160)
	at org.apache.spark.sql.execution.QueryExecution.assertCommandExecuted(QueryExecution.scala:239)
	at org.apache.spark.sql.classic.DataFrameWriter.runCommand(DataFrameWriter.scala:592)
	at org.apache.spark.sql.classic.DataFrameWriter.save(DataFrameWriter.scala:115)
	at org.apache.spark.sql.DataFrameWriter.parquet(DataFrameWriter.scala:369)
	at java.base/jdk.internal.reflect.NativeMethodAccessorImpl.invoke0(Native Method)
	at java.base/jdk.internal.reflect.NativeMethodAccessorImpl.invoke(NativeMethodAccessorImpl.java:75)
	at java.base/jdk.internal.reflect.DelegatingMethodAccessorImpl.invoke(DelegatingMethodAccessorImpl.java:52)
	at java.base/java.lang.reflect.Method.invoke(Method.java:580)
	at py4j.reflection.MethodInvoker.invoke(MethodInvoker.java:244)
	at py4j.reflection.ReflectionEngine.invoke(ReflectionEngine.java:374)
	at py4j.Gateway.invoke(Gateway.java:282)
	at py4j.commands.AbstractCommand.invokeMethod(AbstractCommand.java:132)
	at py4j.commands.CallCommand.execute(CallCommand.java:79)
	at py4j.ClientServerConnection.waitForCommands(ClientServerConnection.java:184)
	at py4j.ClientServerConnection.run(ClientServerConnection.java:108)
	at java.base/java.lang.Thread.run(Thread.java:1583)
	Suppressed: org.apache.spark.util.Utils$OriginalTryStackTraceException: Full stacktrace of original doTryWithCallerStacktrace caller
		at org.apache.hadoop.util.Shell.getWinUtilsPath(Shell.java:789)
		at org.apache.hadoop.util.Shell.getSetPermissionCommand(Shell.java:298)
		at org.apache.hadoop.util.Shell.getSetPermissionCommand(Shell.java:314)
		at org.apache.hadoop.fs.RawLocalFileSystem.setPermission(RawLocalFileSystem.java:1179)
		at org.apache.hadoop.fs.RawLocalFileSystem.mkOneDirWithMode(RawLocalFileSystem.java:861)
		at org.apache.hadoop.fs.RawLocalFileSystem.mkdirsWithOptionalPermission(RawLocalFileSystem.java:901)
		at org.apache.hadoop.fs.RawLocalFileSystem.mkdirs(RawLocalFileSystem.java:873)
		at org.apache.hadoop.fs.RawLocalFileSystem.mkdirsWithOptionalPermission(RawLocalFileSystem.java:900)
		at org.apache.hadoop.fs.RawLocalFileSystem.mkdirs(RawLocalFileSystem.java:873)
		at org.apache.hadoop.fs.RawLocalFileSystem.mkdirsWithOptionalPermission(RawLocalFileSystem.java:900)
		at org.apache.hadoop.fs.RawLocalFileSystem.mkdirs(RawLocalFileSystem.java:873)
		at org.apache.hadoop.fs.ChecksumFileSystem.mkdirs(ChecksumFileSystem.java:1047)
		at org.apache.hadoop.mapreduce.lib.output.FileOutputCommitter.setupJob(FileOutputCommitter.java:356)
		at org.apache.spark.internal.io.HadoopMapReduceCommitProtocol.setupJob(HadoopMapReduceCommitProtocol.scala:180)
		at org.apache.spark.sql.execution.datasources.FileFormatWriter$.writeAndCommit(FileFormatWriter.scala:268)
		at org.apache.spark.sql.execution.datasources.FileFormatWriter$.executeWrite(FileFormatWriter.scala:306)
		at org.apache.spark.sql.execution.datasources.FileFormatWriter$.write(FileFormatWriter.scala:189)
		at org.apache.spark.sql.execution.datasources.InsertIntoHadoopFsRelationCommand.run(InsertIntoHadoopFsRelationCommand.scala:195)
		at org.apache.spark.sql.execution.command.DataWritingCommandExec.sideEffectResult$lzycompute(commands.scala:117)
		at org.apache.spark.sql.execution.command.DataWritingCommandExec.sideEffectResult(commands.scala:115)
		at org.apache.spark.sql.execution.command.DataWritingCommandExec.executeCollect(commands.scala:129)
		at org.apache.spark.sql.execution.adaptive.AdaptiveSparkPlanExec.$anonfun$executeCollect$1(AdaptiveSparkPlanExec.scala:396)
		at org.apache.spark.sql.execution.adaptive.ResultQueryStageExec.$anonfun$doMaterialize$1(QueryStageExec.scala:328)
		at org.apache.spark.sql.execution.SQLExecution$.$anonfun$withThreadLocalCaptured$4(SQLExecution.scala:335)
		at org.apache.spark.sql.execution.SQLExecution$.withSessionTagsApplied(SQLExecution.scala:285)
		at org.apache.spark.sql.execution.SQLExecution$.$anonfun$withThreadLocalCaptured$3(SQLExecution.scala:333)
		at org.apache.spark.JobArtifactSet$.withActiveJobArtifactState(JobArtifactSet.scala:94)
		at org.apache.spark.sql.execution.SQLExecution$.$anonfun$withThreadLocalCaptured$2(SQLExecution.scala:329)
		at java.base/java.util.concurrent.CompletableFuture$AsyncSupply.run(CompletableFuture.java:1768)
		at java.base/java.util.concurrent.ThreadPoolExecutor.runWorker(ThreadPoolExecutor.java:1144)
		at java.base/java.util.concurrent.ThreadPoolExecutor$Worker.run(ThreadPoolExecutor.java:642)
		... 1 more
Caused by: java.io.FileNotFoundException: Hadoop bin directory does not exist: C:\hadoop\bin\bin -see https://cwiki.apache.org/confluence/display/HADOOP2/WindowsProblems
	at org.apache.hadoop.util.Shell.getQualifiedBinInner(Shell.java:661)
	at org.apache.hadoop.util.Shell.getQualifiedBin(Shell.java:645)
	at org.apache.hadoop.util.Shell.<clinit>(Shell.java:742)
	at org.apache.hadoop.util.StringUtils.<clinit>(StringUtils.java:80)
	at org.apache.hadoop.conf.Configuration.getTimeDurationHelper(Configuration.java:1954)
	at org.apache.hadoop.conf.Configuration.getTimeDuration(Configuration.java:1912)
	at org.apache.hadoop.conf.Configuration.getTimeDuration(Configuration.java:1885)
	at org.apache.hadoop.util.ShutdownHookManager.getShutdownTimeout(ShutdownHookManager.java:183)
	at org.apache.hadoop.util.ShutdownHookManager$HookEntry.<init>(ShutdownHookManager.java:207)
	at org.apache.hadoop.util.ShutdownHookManager.addShutdownHook(ShutdownHookManager.java:304)
	at org.apache.spark.util.SparkShutdownHookManager.$anonfun$install$1(ShutdownHookManager.scala:194)
	at scala.runtime.java8.JFunction0$mcV$sp.apply(JFunction0$mcV$sp.scala:18)
	at scala.Option.fold(Option.scala:263)
	at org.apache.spark.util.SparkShutdownHookManager.install(ShutdownHookManager.scala:195)
	at org.apache.spark.util.ShutdownHookManager$.shutdownHooks$lzycompute(ShutdownHookManager.scala:55)
	at org.apache.spark.util.ShutdownHookManager$.shutdownHooks(ShutdownHookManager.scala:53)
	at org.apache.spark.util.ShutdownHookManager$.addShutdownHook(ShutdownHookManager.scala:159)
	at org.apache.spark.util.ShutdownHookManager$.<clinit>(ShutdownHookManager.scala:63)
	at org.apache.spark.util.Utils$.createTempDir(Utils.scala:249)
	at org.apache.spark.util.SparkFileUtils.createTempDir(SparkFileUtils.scala:125)
	at org.apache.spark.util.SparkFileUtils.createTempDir$(SparkFileUtils.scala:124)
	at org.apache.spark.util.Utils$.createTempDir(Utils.scala:97)
	at org.apache.spark.deploy.SparkSubmit.prepareSubmitEnvironment(SparkSubmit.scala:378)
	at org.apache.spark.deploy.SparkSubmit.org$apache$spark$deploy$SparkSubmit$$runMain(SparkSubmit.scala:962)
	at org.apache.spark.deploy.SparkSubmit.doRunMain$1(SparkSubmit.scala:203)
	at org.apache.spark.deploy.SparkSubmit.submit(SparkSubmit.scala:226)
	at org.apache.spark.deploy.SparkSubmit.doSubmit(SparkSubmit.scala:95)
	at org.apache.spark.deploy.SparkSubmit$$anon$2.doSubmit(SparkSubmit.scala:1168)
	at org.apache.spark.deploy.SparkSubmit$.main(SparkSubmit.scala:1177)
	at org.apache.spark.deploy.SparkSubmit.main(SparkSubmit.scala)

2026-05-16 20:05:13,690 - INFO - Closing down clientserver connection
2026-05-16 20:18:15,696 - INFO - 
==================================================
2026-05-16 20:18:15,697 - INFO - 🔷 Creating Spark Session
2026-05-16 20:18:15,698 - INFO - ===============================

2026-05-16 20:18:45,237 - INFO - Spark Session created successfully.
2026-05-16 20:18:45,242 - INFO - 
==================================================
2026-05-16 20:18:45,243 - INFO - 🔷 Reading CSV file: dataset\fibbie_bank_transactions.csv
2026-05-16 20:18:45,244 - INFO - ===============================

2026-05-16 20:18:59,688 - INFO - CSV file 'dataset\fibbie_bank_transactions.csv' read into Spark DataFrame successfully.
2026-05-16 20:18:59,690 - INFO - ⏱️ Step completed in 43s

2026-05-16 20:19:00,193 - INFO - 
==================================================
2026-05-16 20:19:00,193 - INFO - 🔷 Handling Missing Values - Initial Count
2026-05-16 20:19:00,194 - INFO - ===============================

2026-05-16 20:19:31,526 - INFO - Nulls in 'transaction_date': 0
2026-05-16 20:19:31,527 - INFO - Nulls in 'amount': 0
2026-05-16 20:19:31,527 - INFO - Nulls in 'transaction_type': 0
2026-05-16 20:19:31,527 - INFO - Nulls in 'customer_name': 100425
2026-05-16 20:19:31,528 - INFO - Nulls in 'customer_address': 100087
2026-05-16 20:19:31,529 - INFO - Nulls in 'customer_city': 100034
2026-05-16 20:19:31,529 - INFO - Nulls in 'customer_state': 100009
2026-05-16 20:19:31,530 - INFO - Nulls in 'customer_country': 100672
2026-05-16 20:19:31,530 - INFO - Nulls in 'company': 100295
2026-05-16 20:19:31,531 - INFO - Nulls in 'job_title': 99924
2026-05-16 20:19:31,531 - INFO - Nulls in 'email': 100043
2026-05-16 20:19:31,531 - INFO - Nulls in 'phone_number': 100524
2026-05-16 20:19:31,532 - INFO - Nulls in 'credit_card_number': 100085
2026-05-16 20:19:31,532 - INFO - Nulls in 'iban': 100300
2026-05-16 20:19:31,532 - INFO - Nulls in 'currency_code': 99342
2026-05-16 20:19:31,533 - INFO - Nulls in 'random_number': 99913
2026-05-16 20:19:31,533 - INFO - Nulls in 'category': 100332
2026-05-16 20:19:31,533 - INFO - Nulls in 'group': 100209
2026-05-16 20:19:31,534 - INFO - Nulls in 'is_active': 100259
2026-05-16 20:19:31,534 - INFO - Nulls in 'last_updated': 100321
2026-05-16 20:19:31,534 - INFO - Nulls in 'description': 100403
2026-05-16 20:19:31,535 - INFO - Nulls in 'gender': 99767
2026-05-16 20:19:31,535 - INFO - Nulls in 'marital_status': 99904
2026-05-16 20:19:31,536 - INFO - 
==================================================
2026-05-16 20:19:31,536 - INFO - 🔷 Filling Missing Values
2026-05-16 20:19:31,536 - INFO - ===============================

2026-05-16 20:19:31,634 - INFO - Missing values filled with defaults.
2026-05-16 20:19:31,635 - INFO - 
==================================================
2026-05-16 20:19:31,635 - INFO - 🔷 Dropping Missing Values
2026-05-16 20:19:31,636 - INFO - ===============================

2026-05-16 20:19:33,581 - INFO - Dropped 100321 rows where 'last_updated' was null.
2026-05-16 20:19:33,582 - INFO - 
==================================================
2026-05-16 20:19:33,582 - INFO - 🔷 Handling Missing Values - After Filling & Dropping
2026-05-16 20:19:33,584 - INFO - ===============================

2026-05-16 20:19:39,560 - INFO - Nulls in 'transaction_date': 0
2026-05-16 20:19:39,560 - INFO - Nulls in 'amount': 0
2026-05-16 20:19:39,560 - INFO - Nulls in 'transaction_type': 0
2026-05-16 20:19:39,561 - INFO - Nulls in 'customer_name': 0
2026-05-16 20:19:39,561 - INFO - Nulls in 'customer_address': 0
2026-05-16 20:19:39,562 - INFO - Nulls in 'customer_city': 0
2026-05-16 20:19:39,562 - INFO - Nulls in 'customer_state': 0
2026-05-16 20:19:39,562 - INFO - Nulls in 'customer_country': 0
2026-05-16 20:19:39,563 - INFO - Nulls in 'company': 0
2026-05-16 20:19:39,563 - INFO - Nulls in 'job_title': 0
2026-05-16 20:19:39,563 - INFO - Nulls in 'email': 0
2026-05-16 20:19:39,564 - INFO - Nulls in 'phone_number': 0
2026-05-16 20:19:39,564 - INFO - Nulls in 'credit_card_number': 0
2026-05-16 20:19:39,564 - INFO - Nulls in 'iban': 0
2026-05-16 20:19:39,565 - INFO - Nulls in 'currency_code': 0
2026-05-16 20:19:39,565 - INFO - Nulls in 'random_number': 0
2026-05-16 20:19:39,565 - INFO - Nulls in 'category': 0
2026-05-16 20:19:39,566 - INFO - Nulls in 'group': 0
2026-05-16 20:19:39,566 - INFO - Nulls in 'is_active': 0
2026-05-16 20:19:39,567 - INFO - Nulls in 'last_updated': 0
2026-05-16 20:19:39,567 - INFO - Nulls in 'description': 0
2026-05-16 20:19:39,567 - INFO - Nulls in 'gender': 0
2026-05-16 20:19:39,568 - INFO - Nulls in 'marital_status': 0
2026-05-16 20:19:39,568 - INFO - 
==================================================
2026-05-16 20:19:39,569 - INFO - 🔷 Removing Duplicates
2026-05-16 20:19:39,569 - INFO - ===============================

2026-05-16 20:20:34,504 - INFO - Removed 0 duplicate rows.
2026-05-16 20:20:34,505 - INFO - ⏱️ Step completed in 1m 34s

2026-05-16 20:20:34,506 - INFO - 
==================================================
2026-05-16 20:20:34,506 - INFO - 🔷 Creating dim_customer table
2026-05-16 20:20:34,507 - INFO - ===============================

2026-05-16 20:20:34,512 - INFO - ✅ Schema validation passed.
2026-05-16 20:20:35,073 - INFO - ✅ dim_customer table created with surrogate keys.
2026-05-16 20:20:35,082 - INFO - 
==================================================
2026-05-16 20:20:35,082 - INFO - 🔷 Creating dim_transaction table
2026-05-16 20:20:35,083 - INFO - ===============================

2026-05-16 20:20:35,084 - INFO - ✅ Schema validation passed.
2026-05-16 20:20:35,114 - INFO - ✅ dim_transaction table created with surrogate keys.
2026-05-16 20:20:35,119 - INFO - 
==================================================
2026-05-16 20:20:35,119 - INFO - 🔷 Creating dim_employee table
2026-05-16 20:20:35,120 - INFO - ===============================

2026-05-16 20:20:35,120 - INFO - ✅ Schema validation passed.
2026-05-16 20:20:35,145 - INFO - ✅ dim_employee table created with surrogate keys.
2026-05-16 20:20:35,150 - INFO - 
==================================================
2026-05-16 20:20:35,151 - INFO - 🔷 Creating fact_table table
2026-05-16 20:20:35,151 - INFO - ===============================

2026-05-16 20:20:38,567 - INFO - ✅ Schema validation passed.
2026-05-16 20:20:38,568 - INFO - ✅ fact_table created successfully with all required columns.
2026-05-16 20:20:38,580 - INFO - 
==================================================
2026-05-16 20:20:38,580 - INFO - 🔷 Writing DataFrame to Parquet at: dataset\star_schema\dim_customer
2026-05-16 20:20:38,581 - INFO - ===============================

2026-05-16 20:20:38,583 - INFO - ✅ Ready - output directory: dataset\star_schema
2026-05-16 20:22:07,962 - ERROR - ❌ An error occurred during transformation: An error occurred while calling o317.parquet.
: java.lang.RuntimeException: java.io.FileNotFoundException: Hadoop bin directory does not exist: C:\hadoop\bin\bin -see https://cwiki.apache.org/confluence/display/HADOOP2/WindowsProblems
	at org.apache.hadoop.util.Shell.getWinUtilsPath(Shell.java:789)
	at org.apache.hadoop.util.Shell.getSetPermissionCommand(Shell.java:298)
	at org.apache.hadoop.util.Shell.getSetPermissionCommand(Shell.java:314)
	at org.apache.hadoop.fs.RawLocalFileSystem.setPermission(RawLocalFileSystem.java:1179)
	at org.apache.hadoop.fs.RawLocalFileSystem.mkOneDirWithMode(RawLocalFileSystem.java:861)
	at org.apache.hadoop.fs.RawLocalFileSystem.mkdirsWithOptionalPermission(RawLocalFileSystem.java:901)
	at org.apache.hadoop.fs.RawLocalFileSystem.mkdirs(RawLocalFileSystem.java:873)
	at org.apache.hadoop.fs.RawLocalFileSystem.mkdirsWithOptionalPermission(RawLocalFileSystem.java:900)
	at org.apache.hadoop.fs.RawLocalFileSystem.mkdirs(RawLocalFileSystem.java:873)
	at org.apache.hadoop.fs.RawLocalFileSystem.mkdirsWithOptionalPermission(RawLocalFileSystem.java:900)
	at org.apache.hadoop.fs.RawLocalFileSystem.mkdirs(RawLocalFileSystem.java:873)
	at org.apache.hadoop.fs.ChecksumFileSystem.mkdirs(ChecksumFileSystem.java:1047)
	at org.apache.hadoop.mapreduce.lib.output.FileOutputCommitter.setupJob(FileOutputCommitter.java:356)
	at org.apache.spark.internal.io.HadoopMapReduceCommitProtocol.setupJob(HadoopMapReduceCommitProtocol.scala:180)
	at org.apache.spark.sql.execution.datasources.FileFormatWriter$.writeAndCommit(FileFormatWriter.scala:268)
	at org.apache.spark.sql.execution.datasources.FileFormatWriter$.executeWrite(FileFormatWriter.scala:306)
	at org.apache.spark.sql.execution.datasources.FileFormatWriter$.write(FileFormatWriter.scala:189)
	at org.apache.spark.sql.execution.datasources.InsertIntoHadoopFsRelationCommand.run(InsertIntoHadoopFsRelationCommand.scala:195)
	at org.apache.spark.sql.execution.command.DataWritingCommandExec.sideEffectResult$lzycompute(commands.scala:117)
	at org.apache.spark.sql.execution.command.DataWritingCommandExec.sideEffectResult(commands.scala:115)
	at org.apache.spark.sql.execution.command.DataWritingCommandExec.executeCollect(commands.scala:129)
	at org.apache.spark.sql.execution.adaptive.AdaptiveSparkPlanExec.$anonfun$executeCollect$1(AdaptiveSparkPlanExec.scala:396)
	at org.apache.spark.sql.execution.adaptive.ResultQueryStageExec.$anonfun$doMaterialize$1(QueryStageExec.scala:328)
	at org.apache.spark.sql.execution.SQLExecution$.$anonfun$withThreadLocalCaptured$4(SQLExecution.scala:335)
	at org.apache.spark.sql.execution.SQLExecution$.withSessionTagsApplied(SQLExecution.scala:285)
	at org.apache.spark.sql.execution.SQLExecution$.$anonfun$withThreadLocalCaptured$3(SQLExecution.scala:333)
	at org.apache.spark.JobArtifactSet$.withActiveJobArtifactState(JobArtifactSet.scala:94)
	at org.apache.spark.sql.execution.SQLExecution$.$anonfun$withThreadLocalCaptured$2(SQLExecution.scala:329)
	at java.base/java.util.concurrent.CompletableFuture$AsyncSupply.run(CompletableFuture.java:1768)
	at java.base/java.util.concurrent.ThreadPoolExecutor.runWorker(ThreadPoolExecutor.java:1144)
	at java.base/java.util.concurrent.ThreadPoolExecutor$Worker.run(ThreadPoolExecutor.java:642)
	at org.apache.spark.util.Utils$.getTryWithCallerStacktrace(Utils.scala:1453)
	at org.apache.spark.util.LazyTry.get(LazyTry.scala:58)
	at org.apache.spark.sql.execution.QueryExecution.commandExecuted(QueryExecution.scala:160)
	at org.apache.spark.sql.execution.QueryExecution.assertCommandExecuted(QueryExecution.scala:239)
	at org.apache.spark.sql.classic.DataFrameWriter.runCommand(DataFrameWriter.scala:592)
	at org.apache.spark.sql.classic.DataFrameWriter.save(DataFrameWriter.scala:115)
	at org.apache.spark.sql.DataFrameWriter.parquet(DataFrameWriter.scala:369)
	at java.base/jdk.internal.reflect.NativeMethodAccessorImpl.invoke0(Native Method)
	at java.base/jdk.internal.reflect.NativeMethodAccessorImpl.invoke(NativeMethodAccessorImpl.java:75)
	at java.base/jdk.internal.reflect.DelegatingMethodAccessorImpl.invoke(DelegatingMethodAccessorImpl.java:52)
	at java.base/java.lang.reflect.Method.invoke(Method.java:580)
	at py4j.reflection.MethodInvoker.invoke(MethodInvoker.java:244)
	at py4j.reflection.ReflectionEngine.invoke(ReflectionEngine.java:374)
	at py4j.Gateway.invoke(Gateway.java:282)
	at py4j.commands.AbstractCommand.invokeMethod(AbstractCommand.java:132)
	at py4j.commands.CallCommand.execute(CallCommand.java:79)
	at py4j.ClientServerConnection.waitForCommands(ClientServerConnection.java:184)
	at py4j.ClientServerConnection.run(ClientServerConnection.java:108)
	at java.base/java.lang.Thread.run(Thread.java:1583)
	Suppressed: org.apache.spark.util.Utils$OriginalTryStackTraceException: Full stacktrace of original doTryWithCallerStacktrace caller
		at org.apache.hadoop.util.Shell.getWinUtilsPath(Shell.java:789)
		at org.apache.hadoop.util.Shell.getSetPermissionCommand(Shell.java:298)
		at org.apache.hadoop.util.Shell.getSetPermissionCommand(Shell.java:314)
		at org.apache.hadoop.fs.RawLocalFileSystem.setPermission(RawLocalFileSystem.java:1179)
		at org.apache.hadoop.fs.RawLocalFileSystem.mkOneDirWithMode(RawLocalFileSystem.java:861)
		at org.apache.hadoop.fs.RawLocalFileSystem.mkdirsWithOptionalPermission(RawLocalFileSystem.java:901)
		at org.apache.hadoop.fs.RawLocalFileSystem.mkdirs(RawLocalFileSystem.java:873)
		at org.apache.hadoop.fs.RawLocalFileSystem.mkdirsWithOptionalPermission(RawLocalFileSystem.java:900)
		at org.apache.hadoop.fs.RawLocalFileSystem.mkdirs(RawLocalFileSystem.java:873)
		at org.apache.hadoop.fs.RawLocalFileSystem.mkdirsWithOptionalPermission(RawLocalFileSystem.java:900)
		at org.apache.hadoop.fs.RawLocalFileSystem.mkdirs(RawLocalFileSystem.java:873)
		at org.apache.hadoop.fs.ChecksumFileSystem.mkdirs(ChecksumFileSystem.java:1047)
		at org.apache.hadoop.mapreduce.lib.output.FileOutputCommitter.setupJob(FileOutputCommitter.java:356)
		at org.apache.spark.internal.io.HadoopMapReduceCommitProtocol.setupJob(HadoopMapReduceCommitProtocol.scala:180)
		at org.apache.spark.sql.execution.datasources.FileFormatWriter$.writeAndCommit(FileFormatWriter.scala:268)
		at org.apache.spark.sql.execution.datasources.FileFormatWriter$.executeWrite(FileFormatWriter.scala:306)
		at org.apache.spark.sql.execution.datasources.FileFormatWriter$.write(FileFormatWriter.scala:189)
		at org.apache.spark.sql.execution.datasources.InsertIntoHadoopFsRelationCommand.run(InsertIntoHadoopFsRelationCommand.scala:195)
		at org.apache.spark.sql.execution.command.DataWritingCommandExec.sideEffectResult$lzycompute(commands.scala:117)
		at org.apache.spark.sql.execution.command.DataWritingCommandExec.sideEffectResult(commands.scala:115)
		at org.apache.spark.sql.execution.command.DataWritingCommandExec.executeCollect(commands.scala:129)
		at org.apache.spark.sql.execution.adaptive.AdaptiveSparkPlanExec.$anonfun$executeCollect$1(AdaptiveSparkPlanExec.scala:396)
		at org.apache.spark.sql.execution.adaptive.ResultQueryStageExec.$anonfun$doMaterialize$1(QueryStageExec.scala:328)
		at org.apache.spark.sql.execution.SQLExecution$.$anonfun$withThreadLocalCaptured$4(SQLExecution.scala:335)
		at org.apache.spark.sql.execution.SQLExecution$.withSessionTagsApplied(SQLExecution.scala:285)
		at org.apache.spark.sql.execution.SQLExecution$.$anonfun$withThreadLocalCaptured$3(SQLExecution.scala:333)
		at org.apache.spark.JobArtifactSet$.withActiveJobArtifactState(JobArtifactSet.scala:94)
		at org.apache.spark.sql.execution.SQLExecution$.$anonfun$withThreadLocalCaptured$2(SQLExecution.scala:329)
		at java.base/java.util.concurrent.CompletableFuture$AsyncSupply.run(CompletableFuture.java:1768)
		at java.base/java.util.concurrent.ThreadPoolExecutor.runWorker(ThreadPoolExecutor.java:1144)
		at java.base/java.util.concurrent.ThreadPoolExecutor$Worker.run(ThreadPoolExecutor.java:642)
		... 1 more
Caused by: java.io.FileNotFoundException: Hadoop bin directory does not exist: C:\hadoop\bin\bin -see https://cwiki.apache.org/confluence/display/HADOOP2/WindowsProblems
	at org.apache.hadoop.util.Shell.getQualifiedBinInner(Shell.java:661)
	at org.apache.hadoop.util.Shell.getQualifiedBin(Shell.java:645)
	at org.apache.hadoop.util.Shell.<clinit>(Shell.java:742)
	at org.apache.hadoop.util.StringUtils.<clinit>(StringUtils.java:80)
	at org.apache.hadoop.conf.Configuration.getTimeDurationHelper(Configuration.java:1954)
	at org.apache.hadoop.conf.Configuration.getTimeDuration(Configuration.java:1912)
	at org.apache.hadoop.conf.Configuration.getTimeDuration(Configuration.java:1885)
	at org.apache.hadoop.util.ShutdownHookManager.getShutdownTimeout(ShutdownHookManager.java:183)
	at org.apache.hadoop.util.ShutdownHookManager$HookEntry.<init>(ShutdownHookManager.java:207)
	at org.apache.hadoop.util.ShutdownHookManager.addShutdownHook(ShutdownHookManager.java:304)
	at org.apache.spark.util.SparkShutdownHookManager.$anonfun$install$1(ShutdownHookManager.scala:194)
	at scala.runtime.java8.JFunction0$mcV$sp.apply(JFunction0$mcV$sp.scala:18)
	at scala.Option.fold(Option.scala:263)
	at org.apache.spark.util.SparkShutdownHookManager.install(ShutdownHookManager.scala:195)
	at org.apache.spark.util.ShutdownHookManager$.shutdownHooks$lzycompute(ShutdownHookManager.scala:55)
	at org.apache.spark.util.ShutdownHookManager$.shutdownHooks(ShutdownHookManager.scala:53)
	at org.apache.spark.util.ShutdownHookManager$.addShutdownHook(ShutdownHookManager.scala:159)
	at org.apache.spark.util.ShutdownHookManager$.<clinit>(ShutdownHookManager.scala:63)
	at org.apache.spark.util.Utils$.createTempDir(Utils.scala:249)
	at org.apache.spark.util.SparkFileUtils.createTempDir(SparkFileUtils.scala:125)
	at org.apache.spark.util.SparkFileUtils.createTempDir$(SparkFileUtils.scala:124)
	at org.apache.spark.util.Utils$.createTempDir(Utils.scala:97)
	at org.apache.spark.deploy.SparkSubmit.prepareSubmitEnvironment(SparkSubmit.scala:378)
	at org.apache.spark.deploy.SparkSubmit.org$apache$spark$deploy$SparkSubmit$$runMain(SparkSubmit.scala:962)
	at org.apache.spark.deploy.SparkSubmit.doRunMain$1(SparkSubmit.scala:203)
	at org.apache.spark.deploy.SparkSubmit.submit(SparkSubmit.scala:226)
	at org.apache.spark.deploy.SparkSubmit.doSubmit(SparkSubmit.scala:95)
	at org.apache.spark.deploy.SparkSubmit$$anon$2.doSubmit(SparkSubmit.scala:1168)
	at org.apache.spark.deploy.SparkSubmit$.main(SparkSubmit.scala:1177)
	at org.apache.spark.deploy.SparkSubmit.main(SparkSubmit.scala)

2026-05-16 20:22:08,224 - INFO - Closing down clientserver connection
2026-05-16 20:24:02,367 - INFO - 
==================================================
2026-05-16 20:24:02,370 - INFO - 🔷 Creating Spark Session
2026-05-16 20:24:02,371 - INFO - ===============================

2026-05-16 20:24:19,253 - INFO - 
==================================================
2026-05-16 20:24:19,254 - INFO - 🔷 Creating Spark Session
2026-05-16 20:24:19,255 - INFO - ===============================

2026-05-16 20:24:43,328 - INFO - Spark Session created successfully.
2026-05-16 20:24:43,329 - INFO - 
==================================================
2026-05-16 20:24:43,330 - INFO - 🔷 Reading CSV file: dataset\fibbie_bank_transactions.csv
2026-05-16 20:24:43,332 - INFO - ===============================

2026-05-16 20:24:56,278 - INFO - CSV file 'dataset\fibbie_bank_transactions.csv' read into Spark DataFrame successfully.
2026-05-16 20:24:56,279 - INFO - ⏱️ Step completed in 37s

2026-05-16 20:24:56,648 - INFO - 
==================================================
2026-05-16 20:24:56,648 - INFO - 🔷 Handling Missing Values - Initial Count
2026-05-16 20:24:56,649 - INFO - ===============================

2026-05-16 20:25:23,519 - INFO - Nulls in 'transaction_date': 0
2026-05-16 20:25:23,520 - INFO - Nulls in 'amount': 0
2026-05-16 20:25:23,520 - INFO - Nulls in 'transaction_type': 0
2026-05-16 20:25:23,521 - INFO - Nulls in 'customer_name': 100425
2026-05-16 20:25:23,521 - INFO - Nulls in 'customer_address': 100087
2026-05-16 20:25:23,522 - INFO - Nulls in 'customer_city': 100034
2026-05-16 20:25:23,523 - INFO - Nulls in 'customer_state': 100009
2026-05-16 20:25:23,523 - INFO - Nulls in 'customer_country': 100672
2026-05-16 20:25:23,524 - INFO - Nulls in 'company': 100295
2026-05-16 20:25:23,525 - INFO - Nulls in 'job_title': 99924
2026-05-16 20:25:23,525 - INFO - Nulls in 'email': 100043
2026-05-16 20:25:23,526 - INFO - Nulls in 'phone_number': 100524
2026-05-16 20:25:23,526 - INFO - Nulls in 'credit_card_number': 100085
2026-05-16 20:25:23,531 - INFO - Nulls in 'iban': 100300
2026-05-16 20:25:23,532 - INFO - Nulls in 'currency_code': 99342
2026-05-16 20:25:23,534 - INFO - Nulls in 'random_number': 99913
2026-05-16 20:25:23,535 - INFO - Nulls in 'category': 100332
2026-05-16 20:25:23,536 - INFO - Nulls in 'group': 100209
2026-05-16 20:25:23,536 - INFO - Nulls in 'is_active': 100259
2026-05-16 20:25:23,537 - INFO - Nulls in 'last_updated': 100321
2026-05-16 20:25:23,538 - INFO - Nulls in 'description': 100403
2026-05-16 20:25:23,538 - INFO - Nulls in 'gender': 99767
2026-05-16 20:25:23,539 - INFO - Nulls in 'marital_status': 99904
2026-05-16 20:25:23,539 - INFO - 
==================================================
2026-05-16 20:25:23,540 - INFO - 🔷 Filling Missing Values
2026-05-16 20:25:23,541 - INFO - ===============================

2026-05-16 20:25:23,661 - INFO - Missing values filled with defaults.
2026-05-16 20:25:23,662 - INFO - 
==================================================
2026-05-16 20:25:23,662 - INFO - 🔷 Dropping Missing Values
2026-05-16 20:25:23,663 - INFO - ===============================

2026-05-16 20:25:25,790 - INFO - Dropped 100321 rows where 'last_updated' was null.
2026-05-16 20:25:25,798 - INFO - 
==================================================
2026-05-16 20:25:25,800 - INFO - 🔷 Handling Missing Values - After Filling & Dropping
2026-05-16 20:25:25,801 - INFO - ===============================

2026-05-16 20:25:32,418 - INFO - Nulls in 'transaction_date': 0
2026-05-16 20:25:32,418 - INFO - Nulls in 'amount': 0
2026-05-16 20:25:32,419 - INFO - Nulls in 'transaction_type': 0
2026-05-16 20:25:32,419 - INFO - Nulls in 'customer_name': 0
2026-05-16 20:25:32,420 - INFO - Nulls in 'customer_address': 0
2026-05-16 20:25:32,420 - INFO - Nulls in 'customer_city': 0
2026-05-16 20:25:32,421 - INFO - Nulls in 'customer_state': 0
2026-05-16 20:25:32,421 - INFO - Nulls in 'customer_country': 0
2026-05-16 20:25:32,421 - INFO - Nulls in 'company': 0
2026-05-16 20:25:32,422 - INFO - Nulls in 'job_title': 0
2026-05-16 20:25:32,422 - INFO - Nulls in 'email': 0
2026-05-16 20:25:32,423 - INFO - Nulls in 'phone_number': 0
2026-05-16 20:25:32,423 - INFO - Nulls in 'credit_card_number': 0
2026-05-16 20:25:32,423 - INFO - Nulls in 'iban': 0
2026-05-16 20:25:32,424 - INFO - Nulls in 'currency_code': 0
2026-05-16 20:25:32,424 - INFO - Nulls in 'random_number': 0
2026-05-16 20:25:32,424 - INFO - Nulls in 'category': 0
2026-05-16 20:25:32,425 - INFO - Nulls in 'group': 0
2026-05-16 20:25:32,425 - INFO - Nulls in 'is_active': 0
2026-05-16 20:25:32,426 - INFO - Nulls in 'last_updated': 0
2026-05-16 20:25:32,426 - INFO - Nulls in 'description': 0
2026-05-16 20:25:32,427 - INFO - Nulls in 'gender': 0
2026-05-16 20:25:32,427 - INFO - Nulls in 'marital_status': 0
2026-05-16 20:25:32,428 - INFO - 
==================================================
2026-05-16 20:25:32,428 - INFO - 🔷 Removing Duplicates
2026-05-16 20:25:32,428 - INFO - ===============================

2026-05-16 20:25:56,145 - INFO - Removed 0 duplicate rows.
2026-05-16 20:25:56,146 - INFO - ⏱️ Step completed in 59s

2026-05-16 20:25:56,146 - INFO - 
==================================================
2026-05-16 20:25:56,147 - INFO - 🔷 Creating dim_customer table
2026-05-16 20:25:56,148 - INFO - ===============================

2026-05-16 20:25:56,153 - INFO - ✅ Schema validation passed.
2026-05-16 20:25:56,262 - INFO - ✅ dim_customer table created with surrogate keys.
2026-05-16 20:25:56,268 - INFO - 
==================================================
2026-05-16 20:25:56,268 - INFO - 🔷 Creating dim_transaction table
2026-05-16 20:25:56,269 - INFO - ===============================

2026-05-16 20:25:56,270 - INFO - ✅ Schema validation passed.
2026-05-16 20:25:56,314 - INFO - ✅ dim_transaction table created with surrogate keys.
2026-05-16 20:25:56,321 - INFO - 
==================================================
2026-05-16 20:25:56,322 - INFO - 🔷 Creating dim_employee table
2026-05-16 20:25:56,322 - INFO - ===============================

2026-05-16 20:25:56,323 - INFO - ✅ Schema validation passed.
2026-05-16 20:25:56,367 - INFO - ✅ dim_employee table created with surrogate keys.
2026-05-16 20:25:56,416 - INFO - 
==================================================
2026-05-16 20:25:56,417 - INFO - 🔷 Creating fact_table table
2026-05-16 20:25:56,417 - INFO - ===============================

2026-05-16 20:25:56,757 - INFO - ✅ Schema validation passed.
2026-05-16 20:25:56,757 - INFO - ✅ fact_table created successfully with all required columns.
2026-05-16 20:25:56,764 - INFO - 
==================================================
2026-05-16 20:25:56,765 - INFO - 🔷 Writing DataFrame to Parquet at: dataset\star_schema\dim_customer
2026-05-16 20:25:56,765 - INFO - ===============================

2026-05-16 20:25:56,766 - INFO - ✅ Ready - output directory: dataset\star_schema
2026-05-16 20:27:50,483 - INFO - ✅ DataFrame written to Parquet successfully at: dataset\star_schema\dim_customer
2026-05-16 20:27:50,485 - INFO - 
==================================================
2026-05-16 20:27:50,485 - INFO - 🔷 Writing DataFrame to Parquet at: dataset\star_schema\dim_transaction
2026-05-16 20:27:50,486 - INFO - ===============================

2026-05-16 20:27:50,487 - INFO - ✅ Ready - output directory: dataset\star_schema
2026-05-16 20:28:37,779 - INFO - ✅ DataFrame written to Parquet successfully at: dataset\star_schema\dim_transaction
2026-05-16 20:28:37,780 - INFO - 
==================================================
2026-05-16 20:28:37,780 - INFO - 🔷 Writing DataFrame to Parquet at: dataset\star_schema\dim_employee
2026-05-16 20:28:37,781 - INFO - ===============================

2026-05-16 20:28:37,782 - INFO - ✅ Ready - output directory: dataset\star_schema
2026-05-16 20:29:32,901 - INFO - ✅ DataFrame written to Parquet successfully at: dataset\star_schema\dim_employee
2026-05-16 20:29:32,903 - INFO - 
==================================================
2026-05-16 20:29:32,904 - INFO - 🔷 Writing DataFrame to Parquet at: dataset\star_schema\fact_transactions
2026-05-16 20:29:32,905 - INFO - ===============================

2026-05-16 20:29:32,908 - INFO - ✅ Ready - output directory: dataset\star_schema
2026-05-16 20:35:56,927 - INFO - ✅ DataFrame written to Parquet successfully at: dataset\star_schema\fact_transactions
2026-05-16 20:35:56,928 - INFO - ⏱️ Step completed in 11m 37s

2026-05-16 20:35:56,929 - INFO - 
📦 dim_customer schema:
2026-05-16 20:35:56,944 - INFO - 
📊 dim_customer sample data:
2026-05-16 20:36:58,612 - INFO - 
📦 dim_transaction schema:
2026-05-16 20:36:58,616 - INFO - 
📊 dim_transaction sample data:
2026-05-16 20:38:02,805 - INFO - 
📦 dim_employee schema:
2026-05-16 20:38:02,807 - INFO - 
📊 dim_employee sample data:
2026-05-16 20:38:58,277 - INFO - 
📦 fact_transactions schema:
2026-05-16 20:38:58,367 - INFO - 
📊 fact_transactions sample data:
2026-05-16 20:45:23,563 - INFO - ✅ Spark session stopped successfully.
2026-05-16 20:45:23,891 - INFO - Closing down clientserver connection
2026-05-16 23:50:42,026 - INFO - 
==================================================
2026-05-16 23:50:42,028 - INFO - 🔷 Creating Spark Session
2026-05-16 23:50:42,033 - INFO - ===============================

2026-05-16 23:52:01,763 - INFO - Spark Session created successfully.
2026-05-16 23:52:01,764 - INFO - 
==================================================
2026-05-16 23:52:01,764 - INFO - 🔷 Reading CSV file: dataset\fibbie_bank_transactions.csv
2026-05-16 23:52:01,765 - INFO - ===============================

2026-05-16 23:52:16,421 - INFO - CSV file 'dataset\fibbie_bank_transactions.csv' read into Spark DataFrame successfully.
2026-05-16 23:52:16,422 - INFO - ⏱️ Step completed in 1m 34s

2026-05-16 23:52:17,912 - INFO - ✅ Spark session stopped successfully.
2026-05-16 23:52:17,949 - INFO - Closing down clientserver connection
2026-05-17 00:07:24,131 - INFO - 
==================================================
2026-05-17 00:07:24,132 - INFO - 🔷 Creating Spark Session
2026-05-17 00:07:24,132 - INFO - ===============================

2026-05-17 00:07:43,600 - INFO - Spark Session created successfully.
2026-05-17 00:07:43,608 - INFO - 
==================================================
2026-05-17 00:07:43,610 - INFO - 🔷 Reading CSV file: dataset\fibbie_bank_transactions.csv
2026-05-17 00:07:43,611 - INFO - ===============================

2026-05-17 00:07:54,822 - INFO - CSV file 'dataset\fibbie_bank_transactions.csv' read into Spark DataFrame successfully.
2026-05-17 00:07:54,823 - INFO - ⏱️ Step completed in 30s

2026-05-17 00:07:55,260 - INFO - 
==================================================
2026-05-17 00:07:55,262 - INFO - 🔷 Handling Missing Values - Initial Count
2026-05-17 00:07:55,263 - INFO - ===============================

2026-05-17 00:08:24,913 - INFO - Nulls in 'transaction_date': 0
2026-05-17 00:08:24,914 - INFO - Nulls in 'amount': 0
2026-05-17 00:08:24,914 - INFO - Nulls in 'transaction_type': 0
2026-05-17 00:08:24,915 - INFO - Nulls in 'customer_name': 100425
2026-05-17 00:08:24,916 - INFO - Nulls in 'customer_address': 100087
2026-05-17 00:08:24,917 - INFO - Nulls in 'customer_city': 100034
2026-05-17 00:08:24,917 - INFO - Nulls in 'customer_state': 100009
2026-05-17 00:08:24,917 - INFO - Nulls in 'customer_country': 100672
2026-05-17 00:08:24,918 - INFO - Nulls in 'company': 100295
2026-05-17 00:08:24,918 - INFO - Nulls in 'job_title': 99924
2026-05-17 00:08:24,918 - INFO - Nulls in 'email': 100043
2026-05-17 00:08:24,919 - INFO - Nulls in 'phone_number': 100524
2026-05-17 00:08:24,919 - INFO - Nulls in 'credit_card_number': 100085
2026-05-17 00:08:24,919 - INFO - Nulls in 'iban': 100300
2026-05-17 00:08:24,920 - INFO - Nulls in 'currency_code': 99342
2026-05-17 00:08:24,920 - INFO - Nulls in 'random_number': 99913
2026-05-17 00:08:24,920 - INFO - Nulls in 'category': 100332
2026-05-17 00:08:24,921 - INFO - Nulls in 'group': 100209
2026-05-17 00:08:24,921 - INFO - Nulls in 'is_active': 100259
2026-05-17 00:08:24,921 - INFO - Nulls in 'last_updated': 100321
2026-05-17 00:08:24,922 - INFO - Nulls in 'description': 100403
2026-05-17 00:08:24,922 - INFO - Nulls in 'gender': 99767
2026-05-17 00:08:24,923 - INFO - Nulls in 'marital_status': 99904
2026-05-17 00:08:24,923 - INFO - 
==================================================
2026-05-17 00:08:24,923 - INFO - 🔷 Filling Missing Values
2026-05-17 00:08:24,924 - INFO - ===============================

2026-05-17 00:08:25,026 - INFO - Missing values filled with defaults.
2026-05-17 00:08:25,027 - INFO - 
==================================================
2026-05-17 00:08:25,027 - INFO - 🔷 Dropping Missing Values
2026-05-17 00:08:25,028 - INFO - ===============================

2026-05-17 00:08:27,249 - INFO - Dropped 100321 rows where 'last_updated' was null.
2026-05-17 00:08:27,249 - INFO - 
==================================================
2026-05-17 00:08:27,250 - INFO - 🔷 Handling Missing Values - After Filling & Dropping
2026-05-17 00:08:27,250 - INFO - ===============================

2026-05-17 00:08:33,306 - INFO - Nulls in 'transaction_date': 0
2026-05-17 00:08:33,307 - INFO - Nulls in 'amount': 0
2026-05-17 00:08:33,307 - INFO - Nulls in 'transaction_type': 0
2026-05-17 00:08:33,307 - INFO - Nulls in 'customer_name': 0
2026-05-17 00:08:33,308 - INFO - Nulls in 'customer_address': 0
2026-05-17 00:08:33,308 - INFO - Nulls in 'customer_city': 0
2026-05-17 00:08:33,309 - INFO - Nulls in 'customer_state': 0
2026-05-17 00:08:33,309 - INFO - Nulls in 'customer_country': 0
2026-05-17 00:08:33,309 - INFO - Nulls in 'company': 0
2026-05-17 00:08:33,310 - INFO - Nulls in 'job_title': 0
2026-05-17 00:08:33,310 - INFO - Nulls in 'email': 0
2026-05-17 00:08:33,310 - INFO - Nulls in 'phone_number': 0
2026-05-17 00:08:33,311 - INFO - Nulls in 'credit_card_number': 0
2026-05-17 00:08:33,311 - INFO - Nulls in 'iban': 0
2026-05-17 00:08:33,312 - INFO - Nulls in 'currency_code': 0
2026-05-17 00:08:33,312 - INFO - Nulls in 'random_number': 0
2026-05-17 00:08:33,313 - INFO - Nulls in 'category': 0
2026-05-17 00:08:33,313 - INFO - Nulls in 'group': 0
2026-05-17 00:08:33,314 - INFO - Nulls in 'is_active': 0
2026-05-17 00:08:33,314 - INFO - Nulls in 'last_updated': 0
2026-05-17 00:08:33,315 - INFO - Nulls in 'description': 0
2026-05-17 00:08:33,315 - INFO - Nulls in 'gender': 0
2026-05-17 00:08:33,316 - INFO - Nulls in 'marital_status': 0
2026-05-17 00:08:33,316 - INFO - 
==================================================
2026-05-17 00:08:33,317 - INFO - 🔷 Removing Duplicates
2026-05-17 00:08:33,317 - INFO - ===============================

2026-05-17 00:09:30,282 - INFO - Removed 0 duplicate rows.
2026-05-17 00:09:30,283 - INFO - ⏱️ Step completed in 1m 35s

2026-05-17 00:09:30,283 - INFO - 
==================================================
2026-05-17 00:09:30,284 - INFO - 🔷 Creating dim_customer table
2026-05-17 00:09:30,286 - INFO - ===============================

2026-05-17 00:09:30,291 - INFO - ✅ Schema validation passed.
2026-05-17 00:09:31,428 - INFO - ✅ dim_customer table created with surrogate keys.
2026-05-17 00:09:31,441 - INFO - 
==================================================
2026-05-17 00:09:31,442 - INFO - 🔷 Creating dim_transaction table
2026-05-17 00:09:31,444 - INFO - ===============================

2026-05-17 00:09:31,445 - INFO - ✅ Schema validation passed.
2026-05-17 00:09:31,525 - INFO - ✅ dim_transaction table created with surrogate keys.
2026-05-17 00:09:31,532 - INFO - 
==================================================
2026-05-17 00:09:31,532 - INFO - 🔷 Creating dim_employee table
2026-05-17 00:09:31,532 - INFO - ===============================

2026-05-17 00:09:31,533 - INFO - ✅ Schema validation passed.
2026-05-17 00:09:31,570 - INFO - ✅ dim_employee table created with surrogate keys.
2026-05-17 00:09:31,576 - INFO - 
==================================================
2026-05-17 00:09:31,576 - INFO - 🔷 Creating fact_table table
2026-05-17 00:09:31,577 - INFO - ===============================

2026-05-17 00:09:33,212 - INFO - ✅ Schema validation passed.
2026-05-17 00:09:33,213 - INFO - ✅ fact_table created successfully with all required columns.
2026-05-17 00:09:33,223 - INFO - ⏱️ Step completed in 2m 9s

2026-05-17 00:09:33,224 - INFO - 
==================================================
2026-05-17 00:09:33,224 - INFO - 🔷 Loading to PostgreSQL table: dim_customer
2026-05-17 00:09:33,225 - INFO - ===============================

2026-05-17 00:09:34,236 - ERROR - ❌ An error occurred during load: An error occurred while calling o323.save.
: java.lang.ClassNotFoundException: org.postgresql.Driver
	at java.base/java.net.URLClassLoader.findClass(URLClassLoader.java:445)
	at java.base/java.lang.ClassLoader.loadClass(ClassLoader.java:593)
	at java.base/java.lang.ClassLoader.loadClass(ClassLoader.java:526)
	at org.apache.spark.sql.execution.datasources.jdbc.DriverRegistry$.register(DriverRegistry.scala:47)
	at org.apache.spark.sql.execution.datasources.jdbc.JDBCOptions.$anonfun$driverClass$1(JDBCOptions.scala:112)
	at org.apache.spark.sql.execution.datasources.jdbc.JDBCOptions.$anonfun$driverClass$1$adapted(JDBCOptions.scala:112)
	at scala.Option.foreach(Option.scala:437)
	at org.apache.spark.sql.execution.datasources.jdbc.JDBCOptions.<init>(JDBCOptions.scala:112)
	at org.apache.spark.sql.execution.datasources.jdbc.JdbcOptionsInWrite.<init>(JDBCOptions.scala:276)
	at org.apache.spark.sql.execution.datasources.jdbc.JdbcOptionsInWrite.<init>(JDBCOptions.scala:280)
	at org.apache.spark.sql.execution.datasources.jdbc.JdbcRelationProvider.createRelation(JdbcRelationProvider.scala:57)
	at org.apache.spark.sql.execution.datasources.SaveIntoDataSourceCommand.run(SaveIntoDataSourceCommand.scala:55)
	at org.apache.spark.sql.execution.command.ExecutedCommandExec.sideEffectResult$lzycompute(commands.scala:79)
	at org.apache.spark.sql.execution.command.ExecutedCommandExec.sideEffectResult(commands.scala:77)
	at org.apache.spark.sql.execution.command.ExecutedCommandExec.executeCollect(commands.scala:88)
	at org.apache.spark.sql.execution.QueryExecution.$anonfun$eagerlyExecuteCommands$2(QueryExecution.scala:185)
	at org.apache.spark.sql.execution.SQLExecution$.$anonfun$withNewExecutionId0$8(SQLExecution.scala:177)
	at org.apache.spark.sql.execution.SQLExecution$.withSessionTagsApplied(SQLExecution.scala:285)
	at org.apache.spark.sql.execution.SQLExecution$.$anonfun$withNewExecutionId0$7(SQLExecution.scala:139)
	at org.apache.spark.JobArtifactSet$.withActiveJobArtifactState(JobArtifactSet.scala:94)
	at org.apache.spark.sql.artifact.ArtifactManager.$anonfun$withResources$1(ArtifactManager.scala:112)
	at org.apache.spark.sql.artifact.ArtifactManager.withClassLoaderIfNeeded(ArtifactManager.scala:106)
	at org.apache.spark.sql.artifact.ArtifactManager.withResources(ArtifactManager.scala:111)
	at org.apache.spark.sql.execution.SQLExecution$.$anonfun$withNewExecutionId0$6(SQLExecution.scala:139)
	at org.apache.spark.sql.execution.SQLExecution$.withSQLConfPropagated(SQLExecution.scala:308)
	at org.apache.spark.sql.execution.SQLExecution$.$anonfun$withNewExecutionId0$1(SQLExecution.scala:138)
	at org.apache.spark.sql.SparkSession.withActive(SparkSession.scala:804)
	at org.apache.spark.sql.execution.SQLExecution$.withNewExecutionId0(SQLExecution.scala:92)
	at org.apache.spark.sql.execution.SQLExecution$.withNewExecutionId(SQLExecution.scala:250)
	at org.apache.spark.sql.execution.QueryExecution.$anonfun$eagerlyExecuteCommands$1(QueryExecution.scala:185)
	at org.apache.spark.sql.execution.QueryExecution$.withInternalError(QueryExecution.scala:717)
	at org.apache.spark.sql.execution.QueryExecution.org$apache$spark$sql$execution$QueryExecution$$eagerlyExecute$1(QueryExecution.scala:184)
	at org.apache.spark.sql.execution.QueryExecution$$anonfun$eagerlyExecuteCommands$3.applyOrElse(QueryExecution.scala:201)
	at org.apache.spark.sql.execution.QueryExecution$$anonfun$eagerlyExecuteCommands$3.applyOrElse(QueryExecution.scala:194)
	at org.apache.spark.sql.catalyst.trees.TreeNode.$anonfun$transformDownWithPruning$1(TreeNode.scala:491)
	at org.apache.spark.sql.catalyst.trees.CurrentOrigin$.withOrigin(origin.scala:107)
	at org.apache.spark.sql.catalyst.trees.TreeNode.transformDownWithPruning(TreeNode.scala:491)
	at org.apache.spark.sql.catalyst.plans.logical.LogicalPlan.org$apache$spark$sql$catalyst$plans$logical$AnalysisHelper$$super$transformDownWithPruning(LogicalPlan.scala:37)
	at org.apache.spark.sql.catalyst.plans.logical.AnalysisHelper.transformDownWithPruning(AnalysisHelper.scala:360)
	at org.apache.spark.sql.catalyst.plans.logical.AnalysisHelper.transformDownWithPruning$(AnalysisHelper.scala:356)
	at org.apache.spark.sql.catalyst.plans.logical.LogicalPlan.transformDownWithPruning(LogicalPlan.scala:37)
	at org.apache.spark.sql.catalyst.plans.logical.LogicalPlan.transformDownWithPruning(LogicalPlan.scala:37)
	at org.apache.spark.sql.catalyst.trees.TreeNode.transformDown(TreeNode.scala:467)
	at org.apache.spark.sql.execution.QueryExecution.eagerlyExecuteCommands(QueryExecution.scala:194)
	at org.apache.spark.sql.execution.QueryExecution.$anonfun$lazyCommandExecuted$1(QueryExecution.scala:155)
	at scala.util.Try$.apply(Try.scala:217)
	at org.apache.spark.util.Utils$.doTryWithCallerStacktrace(Utils.scala:1392)
	at org.apache.spark.util.Utils$.getTryWithCallerStacktrace(Utils.scala:1453)
	at org.apache.spark.util.LazyTry.get(LazyTry.scala:58)
	at org.apache.spark.sql.execution.QueryExecution.commandExecuted(QueryExecution.scala:160)
	at org.apache.spark.sql.execution.QueryExecution.assertCommandExecuted(QueryExecution.scala:239)
	at org.apache.spark.sql.classic.DataFrameWriter.runCommand(DataFrameWriter.scala:592)
	at org.apache.spark.sql.classic.DataFrameWriter.save(DataFrameWriter.scala:126)
	at java.base/jdk.internal.reflect.NativeMethodAccessorImpl.invoke0(Native Method)
	at java.base/jdk.internal.reflect.NativeMethodAccessorImpl.invoke(NativeMethodAccessorImpl.java:75)
	at java.base/jdk.internal.reflect.DelegatingMethodAccessorImpl.invoke(DelegatingMethodAccessorImpl.java:52)
	at java.base/java.lang.reflect.Method.invoke(Method.java:580)
	at py4j.reflection.MethodInvoker.invoke(MethodInvoker.java:244)
	at py4j.reflection.ReflectionEngine.invoke(ReflectionEngine.java:374)
	at py4j.Gateway.invoke(Gateway.java:282)
	at py4j.commands.AbstractCommand.invokeMethod(AbstractCommand.java:132)
	at py4j.commands.CallCommand.execute(CallCommand.java:79)
	at py4j.ClientServerConnection.waitForCommands(ClientServerConnection.java:184)
	at py4j.ClientServerConnection.run(ClientServerConnection.java:108)
	at java.base/java.lang.Thread.run(Thread.java:1583)
	Suppressed: org.apache.spark.util.Utils$OriginalTryStackTraceException: Full stacktrace of original doTryWithCallerStacktrace caller
		at java.base/java.net.URLClassLoader.findClass(URLClassLoader.java:445)
		at java.base/java.lang.ClassLoader.loadClass(ClassLoader.java:593)
		at java.base/java.lang.ClassLoader.loadClass(ClassLoader.java:526)
		at org.apache.spark.sql.execution.datasources.jdbc.DriverRegistry$.register(DriverRegistry.scala:47)
		at org.apache.spark.sql.execution.datasources.jdbc.JDBCOptions.$anonfun$driverClass$1(JDBCOptions.scala:112)
		at org.apache.spark.sql.execution.datasources.jdbc.JDBCOptions.$anonfun$driverClass$1$adapted(JDBCOptions.scala:112)
		at scala.Option.foreach(Option.scala:437)
		at org.apache.spark.sql.execution.datasources.jdbc.JDBCOptions.<init>(JDBCOptions.scala:112)
		at org.apache.spark.sql.execution.datasources.jdbc.JdbcOptionsInWrite.<init>(JDBCOptions.scala:276)
		at org.apache.spark.sql.execution.datasources.jdbc.JdbcOptionsInWrite.<init>(JDBCOptions.scala:280)
		at org.apache.spark.sql.execution.datasources.jdbc.JdbcRelationProvider.createRelation(JdbcRelationProvider.scala:57)
		at org.apache.spark.sql.execution.datasources.SaveIntoDataSourceCommand.run(SaveIntoDataSourceCommand.scala:55)
		at org.apache.spark.sql.execution.command.ExecutedCommandExec.sideEffectResult$lzycompute(commands.scala:79)
		at org.apache.spark.sql.execution.command.ExecutedCommandExec.sideEffectResult(commands.scala:77)
		at org.apache.spark.sql.execution.command.ExecutedCommandExec.executeCollect(commands.scala:88)
		at org.apache.spark.sql.execution.QueryExecution.$anonfun$eagerlyExecuteCommands$2(QueryExecution.scala:185)
		at org.apache.spark.sql.execution.SQLExecution$.$anonfun$withNewExecutionId0$8(SQLExecution.scala:177)
		at org.apache.spark.sql.execution.SQLExecution$.withSessionTagsApplied(SQLExecution.scala:285)
		at org.apache.spark.sql.execution.SQLExecution$.$anonfun$withNewExecutionId0$7(SQLExecution.scala:139)
		at org.apache.spark.JobArtifactSet$.withActiveJobArtifactState(JobArtifactSet.scala:94)
		at org.apache.spark.sql.artifact.ArtifactManager.$anonfun$withResources$1(ArtifactManager.scala:112)
		at org.apache.spark.sql.artifact.ArtifactManager.withClassLoaderIfNeeded(ArtifactManager.scala:106)
		at org.apache.spark.sql.artifact.ArtifactManager.withResources(ArtifactManager.scala:111)
		at org.apache.spark.sql.execution.SQLExecution$.$anonfun$withNewExecutionId0$6(SQLExecution.scala:139)
		at org.apache.spark.sql.execution.SQLExecution$.withSQLConfPropagated(SQLExecution.scala:308)
		at org.apache.spark.sql.execution.SQLExecution$.$anonfun$withNewExecutionId0$1(SQLExecution.scala:138)
		at org.apache.spark.sql.SparkSession.withActive(SparkSession.scala:804)
		at org.apache.spark.sql.execution.SQLExecution$.withNewExecutionId0(SQLExecution.scala:92)
		at org.apache.spark.sql.execution.SQLExecution$.withNewExecutionId(SQLExecution.scala:250)
		at org.apache.spark.sql.execution.QueryExecution.$anonfun$eagerlyExecuteCommands$1(QueryExecution.scala:185)
		at org.apache.spark.sql.execution.QueryExecution$.withInternalError(QueryExecution.scala:717)
		at org.apache.spark.sql.execution.QueryExecution.org$apache$spark$sql$execution$QueryExecution$$eagerlyExecute$1(QueryExecution.scala:184)
		at org.apache.spark.sql.execution.QueryExecution$$anonfun$eagerlyExecuteCommands$3.applyOrElse(QueryExecution.scala:201)
		at org.apache.spark.sql.execution.QueryExecution$$anonfun$eagerlyExecuteCommands$3.applyOrElse(QueryExecution.scala:194)
		at org.apache.spark.sql.catalyst.trees.TreeNode.$anonfun$transformDownWithPruning$1(TreeNode.scala:491)
		at org.apache.spark.sql.catalyst.trees.CurrentOrigin$.withOrigin(origin.scala:107)
		at org.apache.spark.sql.catalyst.trees.TreeNode.transformDownWithPruning(TreeNode.scala:491)
		at org.apache.spark.sql.catalyst.plans.logical.LogicalPlan.org$apache$spark$sql$catalyst$plans$logical$AnalysisHelper$$super$transformDownWithPruning(LogicalPlan.scala:37)
		at org.apache.spark.sql.catalyst.plans.logical.AnalysisHelper.transformDownWithPruning(AnalysisHelper.scala:360)
		at org.apache.spark.sql.catalyst.plans.logical.AnalysisHelper.transformDownWithPruning$(AnalysisHelper.scala:356)
		at org.apache.spark.sql.catalyst.plans.logical.LogicalPlan.transformDownWithPruning(LogicalPlan.scala:37)
		at org.apache.spark.sql.catalyst.plans.logical.LogicalPlan.transformDownWithPruning(LogicalPlan.scala:37)
		at org.apache.spark.sql.catalyst.trees.TreeNode.transformDown(TreeNode.scala:467)
		at org.apache.spark.sql.execution.QueryExecution.eagerlyExecuteCommands(QueryExecution.scala:194)
		at org.apache.spark.sql.execution.QueryExecution.$anonfun$lazyCommandExecuted$1(QueryExecution.scala:155)
		at scala.util.Try$.apply(Try.scala:217)
		at org.apache.spark.util.Utils$.doTryWithCallerStacktrace(Utils.scala:1392)
		at org.apache.spark.util.LazyTry.tryT$lzycompute(LazyTry.scala:46)
		at org.apache.spark.util.LazyTry.tryT(LazyTry.scala:46)
		... 17 more

2026-05-17 00:09:34,351 - INFO - Closing down clientserver connection
2026-05-17 00:45:57,743 - INFO - 
==================================================
2026-05-17 00:45:57,743 - INFO - 🔷 Creating Spark Session
2026-05-17 00:45:57,744 - INFO - ===============================

2026-05-17 00:46:07,851 - INFO - Spark Session created successfully.
2026-05-17 00:46:07,851 - INFO - 
==================================================
2026-05-17 00:46:07,852 - INFO - 🔷 Reading CSV file: dataset\fibbie_bank_transactions.csv
2026-05-17 00:46:07,852 - INFO - ===============================

2026-05-17 00:46:15,560 - INFO - CSV file 'dataset\fibbie_bank_transactions.csv' read into Spark DataFrame successfully.
2026-05-17 00:46:15,560 - INFO - ⏱️ Step completed in 17s

2026-05-17 00:46:15,804 - INFO - 
==================================================
2026-05-17 00:46:15,804 - INFO - 🔷 Handling Missing Values - Initial Count
2026-05-17 00:46:15,804 - INFO - ===============================

2026-05-17 00:46:37,933 - INFO - Nulls in 'transaction_date': 0
2026-05-17 00:46:37,933 - INFO - Nulls in 'amount': 0
2026-05-17 00:46:37,934 - INFO - Nulls in 'transaction_type': 0
2026-05-17 00:46:37,934 - INFO - Nulls in 'customer_name': 100425
2026-05-17 00:46:37,934 - INFO - Nulls in 'customer_address': 100087
2026-05-17 00:46:37,935 - INFO - Nulls in 'customer_city': 100034
2026-05-17 00:46:37,935 - INFO - Nulls in 'customer_state': 100009
2026-05-17 00:46:37,936 - INFO - Nulls in 'customer_country': 100672
2026-05-17 00:46:37,936 - INFO - Nulls in 'company': 100295
2026-05-17 00:46:37,936 - INFO - Nulls in 'job_title': 99924
2026-05-17 00:46:37,937 - INFO - Nulls in 'email': 100043
2026-05-17 00:46:37,937 - INFO - Nulls in 'phone_number': 100524
2026-05-17 00:46:37,937 - INFO - Nulls in 'credit_card_number': 100085
2026-05-17 00:46:37,938 - INFO - Nulls in 'iban': 100300
2026-05-17 00:46:37,938 - INFO - Nulls in 'currency_code': 99342
2026-05-17 00:46:37,938 - INFO - Nulls in 'random_number': 99913
2026-05-17 00:46:37,939 - INFO - Nulls in 'category': 100332
2026-05-17 00:46:37,940 - INFO - Nulls in 'group': 100209
2026-05-17 00:46:37,941 - INFO - Nulls in 'is_active': 100259
2026-05-17 00:46:37,941 - INFO - Nulls in 'last_updated': 100321
2026-05-17 00:46:37,942 - INFO - Nulls in 'description': 100403
2026-05-17 00:46:37,943 - INFO - Nulls in 'gender': 99767
2026-05-17 00:46:37,944 - INFO - Nulls in 'marital_status': 99904
2026-05-17 00:46:37,946 - INFO - 
==================================================
2026-05-17 00:46:37,949 - INFO - 🔷 Filling Missing Values
2026-05-17 00:46:37,951 - INFO - ===============================

2026-05-17 00:46:38,045 - INFO - Missing values filled with defaults.
2026-05-17 00:46:38,046 - INFO - 
==================================================
2026-05-17 00:46:38,046 - INFO - 🔷 Dropping Missing Values
2026-05-17 00:46:38,046 - INFO - ===============================

2026-05-17 00:46:39,459 - INFO - Dropped 100321 rows where 'last_updated' was null.
2026-05-17 00:46:39,460 - INFO - 
==================================================
2026-05-17 00:46:39,460 - INFO - 🔷 Handling Missing Values - After Filling & Dropping
2026-05-17 00:46:39,460 - INFO - ===============================

2026-05-17 00:46:44,091 - INFO - Nulls in 'transaction_date': 0
2026-05-17 00:46:44,092 - INFO - Nulls in 'amount': 0
2026-05-17 00:46:44,092 - INFO - Nulls in 'transaction_type': 0
2026-05-17 00:46:44,092 - INFO - Nulls in 'customer_name': 0
2026-05-17 00:46:44,092 - INFO - Nulls in 'customer_address': 0
2026-05-17 00:46:44,093 - INFO - Nulls in 'customer_city': 0
2026-05-17 00:46:44,093 - INFO - Nulls in 'customer_state': 0
2026-05-17 00:46:44,093 - INFO - Nulls in 'customer_country': 0
2026-05-17 00:46:44,093 - INFO - Nulls in 'company': 0
2026-05-17 00:46:44,093 - INFO - Nulls in 'job_title': 0
2026-05-17 00:46:44,094 - INFO - Nulls in 'email': 0
2026-05-17 00:46:44,094 - INFO - Nulls in 'phone_number': 0
2026-05-17 00:46:44,094 - INFO - Nulls in 'credit_card_number': 0
2026-05-17 00:46:44,094 - INFO - Nulls in 'iban': 0
2026-05-17 00:46:44,094 - INFO - Nulls in 'currency_code': 0
2026-05-17 00:46:44,094 - INFO - Nulls in 'random_number': 0
2026-05-17 00:46:44,095 - INFO - Nulls in 'category': 0
2026-05-17 00:46:44,095 - INFO - Nulls in 'group': 0
2026-05-17 00:46:44,095 - INFO - Nulls in 'is_active': 0
2026-05-17 00:46:44,095 - INFO - Nulls in 'last_updated': 0
2026-05-17 00:46:44,095 - INFO - Nulls in 'description': 0
2026-05-17 00:46:44,095 - INFO - Nulls in 'gender': 0
2026-05-17 00:46:44,095 - INFO - Nulls in 'marital_status': 0
2026-05-17 00:46:44,096 - INFO - 
==================================================
2026-05-17 00:46:44,096 - INFO - 🔷 Removing Duplicates
2026-05-17 00:46:44,096 - INFO - ===============================

2026-05-17 00:47:34,757 - INFO - Removed 0 duplicate rows.
2026-05-17 00:47:34,757 - INFO - ⏱️ Step completed in 1m 18s

2026-05-17 00:47:34,761 - INFO - 
==================================================
2026-05-17 00:47:34,762 - INFO - 🔷 Creating dim_customer table
2026-05-17 00:47:34,762 - INFO - ===============================

2026-05-17 00:47:34,765 - INFO - ✅ Schema validation passed.
2026-05-17 00:47:34,849 - INFO - ✅ dim_customer table created with surrogate keys.
2026-05-17 00:47:34,855 - INFO - 
==================================================
2026-05-17 00:47:34,856 - INFO - 🔷 Creating dim_transaction table
2026-05-17 00:47:34,858 - INFO - ===============================

2026-05-17 00:47:34,859 - INFO - ✅ Schema validation passed.
2026-05-17 00:47:34,892 - INFO - ✅ dim_transaction table created with surrogate keys.
2026-05-17 00:47:34,898 - INFO - 
==================================================
2026-05-17 00:47:34,899 - INFO - 🔷 Creating dim_employee table
2026-05-17 00:47:34,900 - INFO - ===============================

2026-05-17 00:47:34,902 - INFO - ✅ Schema validation passed.
2026-05-17 00:47:34,940 - INFO - ✅ dim_employee table created with surrogate keys.
2026-05-17 00:47:34,946 - INFO - 
==================================================
2026-05-17 00:47:34,950 - INFO - 🔷 Creating fact_table table
2026-05-17 00:47:34,951 - INFO - ===============================

2026-05-17 00:47:35,218 - INFO - ✅ Schema validation passed.
2026-05-17 00:47:35,221 - INFO - ✅ fact_table created successfully with all required columns.
2026-05-17 00:47:35,227 - INFO - ⏱️ Step completed in 1m 37s

2026-05-17 00:47:35,230 - INFO - 
==================================================
2026-05-17 00:47:35,235 - INFO - 🔷 Loading to PostgreSQL table: dim_customer
2026-05-17 00:47:35,236 - INFO - ===============================

2026-05-17 00:47:35,480 - ERROR - ❌ An error occurred during load: An error occurred while calling o323.save.
: java.lang.ClassNotFoundException: org.postgresql.Driver
	at java.base/java.net.URLClassLoader.findClass(URLClassLoader.java:445)
	at java.base/java.lang.ClassLoader.loadClass(ClassLoader.java:593)
	at java.base/java.lang.ClassLoader.loadClass(ClassLoader.java:526)
	at org.apache.spark.sql.execution.datasources.jdbc.DriverRegistry$.register(DriverRegistry.scala:47)
	at org.apache.spark.sql.execution.datasources.jdbc.JDBCOptions.$anonfun$driverClass$1(JDBCOptions.scala:112)
	at org.apache.spark.sql.execution.datasources.jdbc.JDBCOptions.$anonfun$driverClass$1$adapted(JDBCOptions.scala:112)
	at scala.Option.foreach(Option.scala:437)
	at org.apache.spark.sql.execution.datasources.jdbc.JDBCOptions.<init>(JDBCOptions.scala:112)
	at org.apache.spark.sql.execution.datasources.jdbc.JdbcOptionsInWrite.<init>(JDBCOptions.scala:276)
	at org.apache.spark.sql.execution.datasources.jdbc.JdbcOptionsInWrite.<init>(JDBCOptions.scala:280)
	at org.apache.spark.sql.execution.datasources.jdbc.JdbcRelationProvider.createRelation(JdbcRelationProvider.scala:57)
	at org.apache.spark.sql.execution.datasources.SaveIntoDataSourceCommand.run(SaveIntoDataSourceCommand.scala:55)
	at org.apache.spark.sql.execution.command.ExecutedCommandExec.sideEffectResult$lzycompute(commands.scala:79)
	at org.apache.spark.sql.execution.command.ExecutedCommandExec.sideEffectResult(commands.scala:77)
	at org.apache.spark.sql.execution.command.ExecutedCommandExec.executeCollect(commands.scala:88)
	at org.apache.spark.sql.execution.QueryExecution.$anonfun$eagerlyExecuteCommands$2(QueryExecution.scala:185)
	at org.apache.spark.sql.execution.SQLExecution$.$anonfun$withNewExecutionId0$8(SQLExecution.scala:177)
	at org.apache.spark.sql.execution.SQLExecution$.withSessionTagsApplied(SQLExecution.scala:285)
	at org.apache.spark.sql.execution.SQLExecution$.$anonfun$withNewExecutionId0$7(SQLExecution.scala:139)
	at org.apache.spark.JobArtifactSet$.withActiveJobArtifactState(JobArtifactSet.scala:94)
	at org.apache.spark.sql.artifact.ArtifactManager.$anonfun$withResources$1(ArtifactManager.scala:112)
	at org.apache.spark.sql.artifact.ArtifactManager.withClassLoaderIfNeeded(ArtifactManager.scala:106)
	at org.apache.spark.sql.artifact.ArtifactManager.withResources(ArtifactManager.scala:111)
	at org.apache.spark.sql.execution.SQLExecution$.$anonfun$withNewExecutionId0$6(SQLExecution.scala:139)
	at org.apache.spark.sql.execution.SQLExecution$.withSQLConfPropagated(SQLExecution.scala:308)
	at org.apache.spark.sql.execution.SQLExecution$.$anonfun$withNewExecutionId0$1(SQLExecution.scala:138)
	at org.apache.spark.sql.SparkSession.withActive(SparkSession.scala:804)
	at org.apache.spark.sql.execution.SQLExecution$.withNewExecutionId0(SQLExecution.scala:92)
	at org.apache.spark.sql.execution.SQLExecution$.withNewExecutionId(SQLExecution.scala:250)
	at org.apache.spark.sql.execution.QueryExecution.$anonfun$eagerlyExecuteCommands$1(QueryExecution.scala:185)
	at org.apache.spark.sql.execution.QueryExecution$.withInternalError(QueryExecution.scala:717)
	at org.apache.spark.sql.execution.QueryExecution.org$apache$spark$sql$execution$QueryExecution$$eagerlyExecute$1(QueryExecution.scala:184)
	at org.apache.spark.sql.execution.QueryExecution$$anonfun$eagerlyExecuteCommands$3.applyOrElse(QueryExecution.scala:201)
	at org.apache.spark.sql.execution.QueryExecution$$anonfun$eagerlyExecuteCommands$3.applyOrElse(QueryExecution.scala:194)
	at org.apache.spark.sql.catalyst.trees.TreeNode.$anonfun$transformDownWithPruning$1(TreeNode.scala:491)
	at org.apache.spark.sql.catalyst.trees.CurrentOrigin$.withOrigin(origin.scala:107)
	at org.apache.spark.sql.catalyst.trees.TreeNode.transformDownWithPruning(TreeNode.scala:491)
	at org.apache.spark.sql.catalyst.plans.logical.LogicalPlan.org$apache$spark$sql$catalyst$plans$logical$AnalysisHelper$$super$transformDownWithPruning(LogicalPlan.scala:37)
	at org.apache.spark.sql.catalyst.plans.logical.AnalysisHelper.transformDownWithPruning(AnalysisHelper.scala:360)
	at org.apache.spark.sql.catalyst.plans.logical.AnalysisHelper.transformDownWithPruning$(AnalysisHelper.scala:356)
	at org.apache.spark.sql.catalyst.plans.logical.LogicalPlan.transformDownWithPruning(LogicalPlan.scala:37)
	at org.apache.spark.sql.catalyst.plans.logical.LogicalPlan.transformDownWithPruning(LogicalPlan.scala:37)
	at org.apache.spark.sql.catalyst.trees.TreeNode.transformDown(TreeNode.scala:467)
	at org.apache.spark.sql.execution.QueryExecution.eagerlyExecuteCommands(QueryExecution.scala:194)
	at org.apache.spark.sql.execution.QueryExecution.$anonfun$lazyCommandExecuted$1(QueryExecution.scala:155)
	at scala.util.Try$.apply(Try.scala:217)
	at org.apache.spark.util.Utils$.doTryWithCallerStacktrace(Utils.scala:1392)
	at org.apache.spark.util.Utils$.getTryWithCallerStacktrace(Utils.scala:1453)
	at org.apache.spark.util.LazyTry.get(LazyTry.scala:58)
	at org.apache.spark.sql.execution.QueryExecution.commandExecuted(QueryExecution.scala:160)
	at org.apache.spark.sql.execution.QueryExecution.assertCommandExecuted(QueryExecution.scala:239)
	at org.apache.spark.sql.classic.DataFrameWriter.runCommand(DataFrameWriter.scala:592)
	at org.apache.spark.sql.classic.DataFrameWriter.save(DataFrameWriter.scala:126)
	at java.base/jdk.internal.reflect.NativeMethodAccessorImpl.invoke0(Native Method)
	at java.base/jdk.internal.reflect.NativeMethodAccessorImpl.invoke(NativeMethodAccessorImpl.java:75)
	at java.base/jdk.internal.reflect.DelegatingMethodAccessorImpl.invoke(DelegatingMethodAccessorImpl.java:52)
	at java.base/java.lang.reflect.Method.invoke(Method.java:580)
	at py4j.reflection.MethodInvoker.invoke(MethodInvoker.java:244)
	at py4j.reflection.ReflectionEngine.invoke(ReflectionEngine.java:374)
	at py4j.Gateway.invoke(Gateway.java:282)
	at py4j.commands.AbstractCommand.invokeMethod(AbstractCommand.java:132)
	at py4j.commands.CallCommand.execute(CallCommand.java:79)
	at py4j.ClientServerConnection.waitForCommands(ClientServerConnection.java:184)
	at py4j.ClientServerConnection.run(ClientServerConnection.java:108)
	at java.base/java.lang.Thread.run(Thread.java:1583)
	Suppressed: org.apache.spark.util.Utils$OriginalTryStackTraceException: Full stacktrace of original doTryWithCallerStacktrace caller
		at java.base/java.net.URLClassLoader.findClass(URLClassLoader.java:445)
		at java.base/java.lang.ClassLoader.loadClass(ClassLoader.java:593)
		at java.base/java.lang.ClassLoader.loadClass(ClassLoader.java:526)
		at org.apache.spark.sql.execution.datasources.jdbc.DriverRegistry$.register(DriverRegistry.scala:47)
		at org.apache.spark.sql.execution.datasources.jdbc.JDBCOptions.$anonfun$driverClass$1(JDBCOptions.scala:112)
		at org.apache.spark.sql.execution.datasources.jdbc.JDBCOptions.$anonfun$driverClass$1$adapted(JDBCOptions.scala:112)
		at scala.Option.foreach(Option.scala:437)
		at org.apache.spark.sql.execution.datasources.jdbc.JDBCOptions.<init>(JDBCOptions.scala:112)
		at org.apache.spark.sql.execution.datasources.jdbc.JdbcOptionsInWrite.<init>(JDBCOptions.scala:276)
		at org.apache.spark.sql.execution.datasources.jdbc.JdbcOptionsInWrite.<init>(JDBCOptions.scala:280)
		at org.apache.spark.sql.execution.datasources.jdbc.JdbcRelationProvider.createRelation(JdbcRelationProvider.scala:57)
		at org.apache.spark.sql.execution.datasources.SaveIntoDataSourceCommand.run(SaveIntoDataSourceCommand.scala:55)
		at org.apache.spark.sql.execution.command.ExecutedCommandExec.sideEffectResult$lzycompute(commands.scala:79)
		at org.apache.spark.sql.execution.command.ExecutedCommandExec.sideEffectResult(commands.scala:77)
		at org.apache.spark.sql.execution.command.ExecutedCommandExec.executeCollect(commands.scala:88)
		at org.apache.spark.sql.execution.QueryExecution.$anonfun$eagerlyExecuteCommands$2(QueryExecution.scala:185)
		at org.apache.spark.sql.execution.SQLExecution$.$anonfun$withNewExecutionId0$8(SQLExecution.scala:177)
		at org.apache.spark.sql.execution.SQLExecution$.withSessionTagsApplied(SQLExecution.scala:285)
		at org.apache.spark.sql.execution.SQLExecution$.$anonfun$withNewExecutionId0$7(SQLExecution.scala:139)
		at org.apache.spark.JobArtifactSet$.withActiveJobArtifactState(JobArtifactSet.scala:94)
		at org.apache.spark.sql.artifact.ArtifactManager.$anonfun$withResources$1(ArtifactManager.scala:112)
		at org.apache.spark.sql.artifact.ArtifactManager.withClassLoaderIfNeeded(ArtifactManager.scala:106)
		at org.apache.spark.sql.artifact.ArtifactManager.withResources(ArtifactManager.scala:111)
		at org.apache.spark.sql.execution.SQLExecution$.$anonfun$withNewExecutionId0$6(SQLExecution.scala:139)
		at org.apache.spark.sql.execution.SQLExecution$.withSQLConfPropagated(SQLExecution.scala:308)
		at org.apache.spark.sql.execution.SQLExecution$.$anonfun$withNewExecutionId0$1(SQLExecution.scala:138)
		at org.apache.spark.sql.SparkSession.withActive(SparkSession.scala:804)
		at org.apache.spark.sql.execution.SQLExecution$.withNewExecutionId0(SQLExecution.scala:92)
		at org.apache.spark.sql.execution.SQLExecution$.withNewExecutionId(SQLExecution.scala:250)
		at org.apache.spark.sql.execution.QueryExecution.$anonfun$eagerlyExecuteCommands$1(QueryExecution.scala:185)
		at org.apache.spark.sql.execution.QueryExecution$.withInternalError(QueryExecution.scala:717)
		at org.apache.spark.sql.execution.QueryExecution.org$apache$spark$sql$execution$QueryExecution$$eagerlyExecute$1(QueryExecution.scala:184)
		at org.apache.spark.sql.execution.QueryExecution$$anonfun$eagerlyExecuteCommands$3.applyOrElse(QueryExecution.scala:201)
		at org.apache.spark.sql.execution.QueryExecution$$anonfun$eagerlyExecuteCommands$3.applyOrElse(QueryExecution.scala:194)
		at org.apache.spark.sql.catalyst.trees.TreeNode.$anonfun$transformDownWithPruning$1(TreeNode.scala:491)
		at org.apache.spark.sql.catalyst.trees.CurrentOrigin$.withOrigin(origin.scala:107)
		at org.apache.spark.sql.catalyst.trees.TreeNode.transformDownWithPruning(TreeNode.scala:491)
		at org.apache.spark.sql.catalyst.plans.logical.LogicalPlan.org$apache$spark$sql$catalyst$plans$logical$AnalysisHelper$$super$transformDownWithPruning(LogicalPlan.scala:37)
		at org.apache.spark.sql.catalyst.plans.logical.AnalysisHelper.transformDownWithPruning(AnalysisHelper.scala:360)
		at org.apache.spark.sql.catalyst.plans.logical.AnalysisHelper.transformDownWithPruning$(AnalysisHelper.scala:356)
		at org.apache.spark.sql.catalyst.plans.logical.LogicalPlan.transformDownWithPruning(LogicalPlan.scala:37)
		at org.apache.spark.sql.catalyst.plans.logical.LogicalPlan.transformDownWithPruning(LogicalPlan.scala:37)
		at org.apache.spark.sql.catalyst.trees.TreeNode.transformDown(TreeNode.scala:467)
		at org.apache.spark.sql.execution.QueryExecution.eagerlyExecuteCommands(QueryExecution.scala:194)
		at org.apache.spark.sql.execution.QueryExecution.$anonfun$lazyCommandExecuted$1(QueryExecution.scala:155)
		at scala.util.Try$.apply(Try.scala:217)
		at org.apache.spark.util.Utils$.doTryWithCallerStacktrace(Utils.scala:1392)
		at org.apache.spark.util.LazyTry.tryT$lzycompute(LazyTry.scala:46)
		at org.apache.spark.util.LazyTry.tryT(LazyTry.scala:46)
		... 17 more

2026-05-17 00:47:35,614 - INFO - Closing down clientserver connection
2026-05-17 01:22:56,685 - INFO - 
==================================================
2026-05-17 01:22:56,686 - INFO - 🔷 Creating Spark Session
2026-05-17 01:22:56,686 - INFO - ===============================

2026-05-17 01:23:13,826 - INFO - Spark Session created successfully.
2026-05-17 01:23:13,827 - INFO - 
==================================================
2026-05-17 01:23:13,827 - INFO - 🔷 Reading CSV file: dataset\fibbie_bank_transactions.csv
2026-05-17 01:23:13,828 - INFO - ===============================

2026-05-17 01:23:20,025 - INFO - CSV file 'dataset\fibbie_bank_transactions.csv' read into Spark DataFrame successfully.
2026-05-17 01:23:20,025 - INFO - ⏱️ Step completed in 23s

2026-05-17 01:23:20,236 - INFO - 
==================================================
2026-05-17 01:23:20,236 - INFO - 🔷 Handling Missing Values - Initial Count
2026-05-17 01:23:20,237 - INFO - ===============================

2026-05-17 01:23:41,058 - INFO - Nulls in 'transaction_date': 0
2026-05-17 01:23:41,058 - INFO - Nulls in 'amount': 0
2026-05-17 01:23:41,058 - INFO - Nulls in 'transaction_type': 0
2026-05-17 01:23:41,058 - INFO - Nulls in 'customer_name': 100425
2026-05-17 01:23:41,058 - INFO - Nulls in 'customer_address': 100087
2026-05-17 01:23:41,059 - INFO - Nulls in 'customer_city': 100034
2026-05-17 01:23:41,059 - INFO - Nulls in 'customer_state': 100009
2026-05-17 01:23:41,059 - INFO - Nulls in 'customer_country': 100672
2026-05-17 01:23:41,059 - INFO - Nulls in 'company': 100295
2026-05-17 01:23:41,059 - INFO - Nulls in 'job_title': 99924
2026-05-17 01:23:41,059 - INFO - Nulls in 'email': 100043
2026-05-17 01:23:41,059 - INFO - Nulls in 'phone_number': 100524
2026-05-17 01:23:41,060 - INFO - Nulls in 'credit_card_number': 100085
2026-05-17 01:23:41,060 - INFO - Nulls in 'iban': 100300
2026-05-17 01:23:41,060 - INFO - Nulls in 'currency_code': 99342
2026-05-17 01:23:41,060 - INFO - Nulls in 'random_number': 99913
2026-05-17 01:23:41,060 - INFO - Nulls in 'category': 100332
2026-05-17 01:23:41,060 - INFO - Nulls in 'group': 100209
2026-05-17 01:23:41,060 - INFO - Nulls in 'is_active': 100259
2026-05-17 01:23:41,061 - INFO - Nulls in 'last_updated': 100321
2026-05-17 01:23:41,061 - INFO - Nulls in 'description': 100403
2026-05-17 01:23:41,061 - INFO - Nulls in 'gender': 99767
2026-05-17 01:23:41,061 - INFO - Nulls in 'marital_status': 99904
2026-05-17 01:23:41,061 - INFO - 
==================================================
2026-05-17 01:23:41,061 - INFO - 🔷 Filling Missing Values
2026-05-17 01:23:41,061 - INFO - ===============================

2026-05-17 01:23:41,106 - INFO - Missing values filled with defaults.
2026-05-17 01:23:41,107 - INFO - 
==================================================
2026-05-17 01:23:41,107 - INFO - 🔷 Dropping Missing Values
2026-05-17 01:23:41,107 - INFO - ===============================

2026-05-17 01:23:42,576 - INFO - Dropped 100321 rows where 'last_updated' was null.
2026-05-17 01:23:42,577 - INFO - 
==================================================
2026-05-17 01:23:42,579 - INFO - 🔷 Handling Missing Values - After Filling & Dropping
2026-05-17 01:23:42,580 - INFO - ===============================

2026-05-17 01:23:47,598 - INFO - Nulls in 'transaction_date': 0
2026-05-17 01:23:47,598 - INFO - Nulls in 'amount': 0
2026-05-17 01:23:47,598 - INFO - Nulls in 'transaction_type': 0
2026-05-17 01:23:47,598 - INFO - Nulls in 'customer_name': 0
2026-05-17 01:23:47,599 - INFO - Nulls in 'customer_address': 0
2026-05-17 01:23:47,599 - INFO - Nulls in 'customer_city': 0
2026-05-17 01:23:47,599 - INFO - Nulls in 'customer_state': 0
2026-05-17 01:23:47,599 - INFO - Nulls in 'customer_country': 0
2026-05-17 01:23:47,600 - INFO - Nulls in 'company': 0
2026-05-17 01:23:47,600 - INFO - Nulls in 'job_title': 0
2026-05-17 01:23:47,600 - INFO - Nulls in 'email': 0
2026-05-17 01:23:47,600 - INFO - Nulls in 'phone_number': 0
2026-05-17 01:23:47,601 - INFO - Nulls in 'credit_card_number': 0
2026-05-17 01:23:47,601 - INFO - Nulls in 'iban': 0
2026-05-17 01:23:47,601 - INFO - Nulls in 'currency_code': 0
2026-05-17 01:23:47,601 - INFO - Nulls in 'random_number': 0
2026-05-17 01:23:47,601 - INFO - Nulls in 'category': 0
2026-05-17 01:23:47,602 - INFO - Nulls in 'group': 0
2026-05-17 01:23:47,602 - INFO - Nulls in 'is_active': 0
2026-05-17 01:23:47,602 - INFO - Nulls in 'last_updated': 0
2026-05-17 01:23:47,602 - INFO - Nulls in 'description': 0
2026-05-17 01:23:47,602 - INFO - Nulls in 'gender': 0
2026-05-17 01:23:47,603 - INFO - Nulls in 'marital_status': 0
2026-05-17 01:23:47,603 - INFO - 
==================================================
2026-05-17 01:23:47,603 - INFO - 🔷 Removing Duplicates
2026-05-17 01:23:47,603 - INFO - ===============================

2026-05-17 01:24:39,903 - INFO - Removed 0 duplicate rows.
2026-05-17 01:24:39,927 - INFO - ⏱️ Step completed in 1m 19s

2026-05-17 01:24:39,979 - INFO - 
==================================================
2026-05-17 01:24:40,003 - INFO - 🔷 Creating dim_customer table
2026-05-17 01:24:40,007 - INFO - ===============================

2026-05-17 01:24:40,011 - INFO - ✅ Schema validation passed.
2026-05-17 01:24:40,086 - INFO - ✅ dim_customer table created with surrogate keys.
2026-05-17 01:24:40,091 - INFO - 
==================================================
2026-05-17 01:24:40,092 - INFO - 🔷 Creating dim_transaction table
2026-05-17 01:24:40,092 - INFO - ===============================

2026-05-17 01:24:40,093 - INFO - ✅ Schema validation passed.
2026-05-17 01:24:40,122 - INFO - ✅ dim_transaction table created with surrogate keys.
2026-05-17 01:24:40,128 - INFO - 
==================================================
2026-05-17 01:24:40,129 - INFO - 🔷 Creating dim_employee table
2026-05-17 01:24:40,129 - INFO - ===============================

2026-05-17 01:24:40,130 - INFO - ✅ Schema validation passed.
2026-05-17 01:24:40,166 - INFO - ✅ dim_employee table created with surrogate keys.
2026-05-17 01:24:40,171 - INFO - 
==================================================
2026-05-17 01:24:40,172 - INFO - 🔷 Creating fact_table table
2026-05-17 01:24:40,172 - INFO - ===============================

2026-05-17 01:24:40,456 - INFO - ✅ Schema validation passed.
2026-05-17 01:24:40,457 - INFO - ✅ fact_table created successfully with all required columns.
2026-05-17 01:24:40,466 - INFO - ⏱️ Step completed in 1m 43s

2026-05-17 01:24:41,269 - ERROR - ❌ Failed to create engine: No module named 'psycopg2'
2026-05-17 01:24:41,269 - ERROR - ❌ Cannot proceed — no database engine
2026-05-17 01:24:41,270 - INFO - ⏱️ Step completed in 1m 44s

2026-05-17 01:24:41,270 - INFO - 
📦 dim_customer schema:
2026-05-17 01:24:41,274 - INFO - 
📊 dim_customer sample data:
2026-05-17 01:26:50,717 - INFO - 
🔢 dim_customer total rows: 899679
2026-05-17 01:26:50,718 - INFO - 
📦 dim_transaction schema:
2026-05-17 01:26:50,724 - INFO - 
📊 dim_transaction sample data:
2026-05-17 01:29:04,889 - INFO - 
🔢 dim_transaction total rows: 899679
2026-05-17 01:29:04,889 - INFO - 
📦 dim_employee schema:
2026-05-17 01:29:04,891 - INFO - 
📊 dim_employee sample data:
2026-05-17 01:31:36,918 - INFO - 
🔢 dim_employee total rows: 899679
2026-05-17 01:31:36,919 - INFO - 
📦 fact_transactions schema:
2026-05-17 01:31:37,040 - INFO - 
📊 fact_transactions sample data:
2026-05-17 01:46:40,721 - INFO - 
🔢 fact_transactions total rows: 8128419
2026-05-17 01:46:46,017 - INFO - ✅ Spark session stopped successfully
2026-05-17 01:46:46,041 - INFO - Closing down clientserver connection
2026-05-17 01:50:31,180 - INFO - 
==================================================
2026-05-17 01:50:31,180 - INFO - 🔷 Creating Spark Session
2026-05-17 01:50:31,181 - INFO - ===============================

2026-05-17 01:50:52,108 - INFO - Spark Session created successfully.
2026-05-17 01:50:52,109 - INFO - 
==================================================
2026-05-17 01:50:52,110 - INFO - 🔷 Reading CSV file: dataset\fibbie_bank_transactions.csv
2026-05-17 01:50:52,110 - INFO - ===============================

2026-05-17 01:51:04,227 - INFO - CSV file 'dataset\fibbie_bank_transactions.csv' read into Spark DataFrame successfully.
2026-05-17 01:51:04,228 - INFO - ⏱️ Step completed in 33s

2026-05-17 01:51:04,477 - INFO - 
==================================================
2026-05-17 01:51:04,477 - INFO - 🔷 Handling Missing Values - Initial Count
2026-05-17 01:51:04,478 - INFO - ===============================

2026-05-17 01:51:33,633 - INFO - Nulls in 'transaction_date': 0
2026-05-17 01:51:33,633 - INFO - Nulls in 'amount': 0
2026-05-17 01:51:33,634 - INFO - Nulls in 'transaction_type': 0
2026-05-17 01:51:33,635 - INFO - Nulls in 'customer_name': 100425
2026-05-17 01:51:33,636 - INFO - Nulls in 'customer_address': 100087
2026-05-17 01:51:33,636 - INFO - Nulls in 'customer_city': 100034
2026-05-17 01:51:33,636 - INFO - Nulls in 'customer_state': 100009
2026-05-17 01:51:33,637 - INFO - Nulls in 'customer_country': 100672
2026-05-17 01:51:33,637 - INFO - Nulls in 'company': 100295
2026-05-17 01:51:33,637 - INFO - Nulls in 'job_title': 99924
2026-05-17 01:51:33,638 - INFO - Nulls in 'email': 100043
2026-05-17 01:51:33,638 - INFO - Nulls in 'phone_number': 100524
2026-05-17 01:51:33,638 - INFO - Nulls in 'credit_card_number': 100085
2026-05-17 01:51:33,639 - INFO - Nulls in 'iban': 100300
2026-05-17 01:51:33,639 - INFO - Nulls in 'currency_code': 99342
2026-05-17 01:51:33,640 - INFO - Nulls in 'random_number': 99913
2026-05-17 01:51:33,641 - INFO - Nulls in 'category': 100332
2026-05-17 01:51:33,641 - INFO - Nulls in 'group': 100209
2026-05-17 01:51:33,641 - INFO - Nulls in 'is_active': 100259
2026-05-17 01:51:33,642 - INFO - Nulls in 'last_updated': 100321
2026-05-17 01:51:33,642 - INFO - Nulls in 'description': 100403
2026-05-17 01:51:33,642 - INFO - Nulls in 'gender': 99767
2026-05-17 01:51:33,642 - INFO - Nulls in 'marital_status': 99904
2026-05-17 01:51:33,643 - INFO - 
==================================================
2026-05-17 01:51:33,643 - INFO - 🔷 Filling Missing Values
2026-05-17 01:51:33,643 - INFO - ===============================

2026-05-17 01:51:33,804 - INFO - Missing values filled with defaults.
2026-05-17 01:51:33,804 - INFO - 
==================================================
2026-05-17 01:51:33,805 - INFO - 🔷 Dropping Missing Values
2026-05-17 01:51:33,806 - INFO - ===============================

2026-05-17 01:51:36,022 - INFO - Dropped 100321 rows where 'last_updated' was null.
2026-05-17 01:51:36,032 - INFO - 
==================================================
2026-05-17 01:51:36,034 - INFO - 🔷 Handling Missing Values - After Filling & Dropping
2026-05-17 01:51:36,035 - INFO - ===============================

2026-05-17 01:51:43,371 - INFO - Nulls in 'transaction_date': 0
2026-05-17 01:51:43,372 - INFO - Nulls in 'amount': 0
2026-05-17 01:51:43,372 - INFO - Nulls in 'transaction_type': 0
2026-05-17 01:51:43,373 - INFO - Nulls in 'customer_name': 0
2026-05-17 01:51:43,373 - INFO - Nulls in 'customer_address': 0
2026-05-17 01:51:43,373 - INFO - Nulls in 'customer_city': 0
2026-05-17 01:51:43,374 - INFO - Nulls in 'customer_state': 0
2026-05-17 01:51:43,374 - INFO - Nulls in 'customer_country': 0
2026-05-17 01:51:43,374 - INFO - Nulls in 'company': 0
2026-05-17 01:51:43,375 - INFO - Nulls in 'job_title': 0
2026-05-17 01:51:43,375 - INFO - Nulls in 'email': 0
2026-05-17 01:51:43,375 - INFO - Nulls in 'phone_number': 0
2026-05-17 01:51:43,376 - INFO - Nulls in 'credit_card_number': 0
2026-05-17 01:51:43,376 - INFO - Nulls in 'iban': 0
2026-05-17 01:51:43,376 - INFO - Nulls in 'currency_code': 0
2026-05-17 01:51:43,377 - INFO - Nulls in 'random_number': 0
2026-05-17 01:51:43,377 - INFO - Nulls in 'category': 0
2026-05-17 01:51:43,378 - INFO - Nulls in 'group': 0
2026-05-17 01:51:43,378 - INFO - Nulls in 'is_active': 0
2026-05-17 01:51:43,379 - INFO - Nulls in 'last_updated': 0
2026-05-17 01:51:43,379 - INFO - Nulls in 'description': 0
2026-05-17 01:51:43,380 - INFO - Nulls in 'gender': 0
2026-05-17 01:51:43,380 - INFO - Nulls in 'marital_status': 0
2026-05-17 01:51:43,380 - INFO - 
==================================================
2026-05-17 01:51:43,381 - INFO - 🔷 Removing Duplicates
2026-05-17 01:51:43,381 - INFO - ===============================

2026-05-17 01:52:49,566 - INFO - Removed 0 duplicate rows.
2026-05-17 01:52:49,567 - INFO - ⏱️ Step completed in 1m 45s

2026-05-17 01:52:49,567 - INFO - 
==================================================
2026-05-17 01:52:49,570 - INFO - 🔷 Creating dim_customer table
2026-05-17 01:52:49,570 - INFO - ===============================

2026-05-17 01:52:49,573 - INFO - ✅ Schema validation passed.
2026-05-17 01:52:49,647 - INFO - ✅ dim_customer table created with surrogate keys.
2026-05-17 01:52:49,654 - INFO - 
==================================================
2026-05-17 01:52:49,654 - INFO - 🔷 Creating dim_transaction table
2026-05-17 01:52:49,655 - INFO - ===============================

2026-05-17 01:52:49,656 - INFO - ✅ Schema validation passed.
2026-05-17 01:52:49,683 - INFO - ✅ dim_transaction table created with surrogate keys.
2026-05-17 01:52:49,688 - INFO - 
==================================================
2026-05-17 01:52:49,689 - INFO - 🔷 Creating dim_employee table
2026-05-17 01:52:49,689 - INFO - ===============================

2026-05-17 01:52:49,689 - INFO - ✅ Schema validation passed.
2026-05-17 01:52:49,712 - INFO - ✅ dim_employee table created with surrogate keys.
2026-05-17 01:52:49,716 - INFO - 
==================================================
2026-05-17 01:52:49,717 - INFO - 🔷 Creating fact_table table
2026-05-17 01:52:49,717 - INFO - ===============================

2026-05-17 01:52:49,991 - INFO - ✅ Schema validation passed.
2026-05-17 01:52:49,991 - INFO - ✅ fact_table created successfully with all required columns.
2026-05-17 01:52:49,996 - INFO - ⏱️ Step completed in 2m 18s

2026-05-17 01:52:50,274 - INFO - ✅ Database engine created
2026-05-17 01:52:50,274 - INFO - 
==================================================
2026-05-17 01:52:50,274 - INFO - 🔷 Loading dimension & fact tables
2026-05-17 01:52:50,275 - INFO - ===============================

2026-05-17 03:57:09,141 - INFO - ✅ Converted dim_customer to Pandas DataFrame — rows: 899679
2026-05-17 07:16:16,914 - INFO - ✅ Successfully loaded dim_customer to PostgreSQL
2026-05-17 07:21:12,205 - INFO - 
==================================================
2026-05-17 07:21:12,206 - INFO - 🔷 Creating Spark Session
2026-05-17 07:21:12,207 - INFO - ===============================

2026-05-17 07:21:45,799 - INFO - Spark Session created successfully.
2026-05-17 07:21:45,799 - INFO - 
==================================================
2026-05-17 07:21:45,800 - INFO - 🔷 Reading CSV file: dataset\fibbie_bank_transactions.csv
2026-05-17 07:21:45,801 - INFO - ===============================

2026-05-17 07:22:04,976 - INFO - CSV file 'dataset\fibbie_bank_transactions.csv' read into Spark DataFrame successfully.
2026-05-17 07:22:04,976 - INFO - ⏱️ Step completed in 52s

2026-05-17 07:22:05,394 - INFO - 
==================================================
2026-05-17 07:22:05,394 - INFO - 🔷 Handling Missing Values - Initial Count
2026-05-17 07:22:05,395 - INFO - ===============================

2026-05-17 07:22:42,335 - INFO - Nulls in 'transaction_date': 0
2026-05-17 07:22:42,337 - INFO - Nulls in 'amount': 0
2026-05-17 07:22:42,339 - INFO - Nulls in 'transaction_type': 0
2026-05-17 07:22:42,339 - INFO - Nulls in 'customer_name': 100425
2026-05-17 07:22:42,340 - INFO - Nulls in 'customer_address': 100087
2026-05-17 07:22:42,341 - INFO - Nulls in 'customer_city': 100034
2026-05-17 07:22:42,341 - INFO - Nulls in 'customer_state': 100009
2026-05-17 07:22:42,342 - INFO - Nulls in 'customer_country': 100672
2026-05-17 07:22:42,342 - INFO - Nulls in 'company': 100295
2026-05-17 07:22:42,343 - INFO - Nulls in 'job_title': 99924
2026-05-17 07:22:42,344 - INFO - Nulls in 'email': 100043
2026-05-17 07:22:42,344 - INFO - Nulls in 'phone_number': 100524
2026-05-17 07:22:42,345 - INFO - Nulls in 'credit_card_number': 100085
2026-05-17 07:22:42,345 - INFO - Nulls in 'iban': 100300
2026-05-17 07:22:42,346 - INFO - Nulls in 'currency_code': 99342
2026-05-17 07:22:42,346 - INFO - Nulls in 'random_number': 99913
2026-05-17 07:22:42,346 - INFO - Nulls in 'category': 100332
2026-05-17 07:22:42,347 - INFO - Nulls in 'group': 100209
2026-05-17 07:22:42,347 - INFO - Nulls in 'is_active': 100259
2026-05-17 07:22:42,348 - INFO - Nulls in 'last_updated': 100321
2026-05-17 07:22:42,349 - INFO - Nulls in 'description': 100403
2026-05-17 07:22:42,350 - INFO - Nulls in 'gender': 99767
2026-05-17 07:22:42,352 - INFO - Nulls in 'marital_status': 99904
2026-05-17 07:22:42,354 - INFO - 
==================================================
2026-05-17 07:22:42,355 - INFO - 🔷 Filling Missing Values
2026-05-17 07:22:42,356 - INFO - ===============================

2026-05-17 07:22:42,575 - INFO - Missing values filled with defaults.
2026-05-17 07:22:42,577 - INFO - 
==================================================
2026-05-17 07:22:42,578 - INFO - 🔷 Dropping Missing Values
2026-05-17 07:22:42,580 - INFO - ===============================

2026-05-17 07:22:45,282 - INFO - Dropped 100321 rows where 'last_updated' was null.
2026-05-17 07:22:45,283 - INFO - 
==================================================
2026-05-17 07:22:45,289 - INFO - 🔷 Handling Missing Values - After Filling & Dropping
2026-05-17 07:22:45,295 - INFO - ===============================

2026-05-17 07:22:53,044 - INFO - Nulls in 'transaction_date': 0
2026-05-17 07:22:53,044 - INFO - Nulls in 'amount': 0
2026-05-17 07:22:53,045 - INFO - Nulls in 'transaction_type': 0
2026-05-17 07:22:53,045 - INFO - Nulls in 'customer_name': 0
2026-05-17 07:22:53,046 - INFO - Nulls in 'customer_address': 0
2026-05-17 07:22:53,046 - INFO - Nulls in 'customer_city': 0
2026-05-17 07:22:53,046 - INFO - Nulls in 'customer_state': 0
2026-05-17 07:22:53,047 - INFO - Nulls in 'customer_country': 0
2026-05-17 07:22:53,047 - INFO - Nulls in 'company': 0
2026-05-17 07:22:53,048 - INFO - Nulls in 'job_title': 0
2026-05-17 07:22:53,048 - INFO - Nulls in 'email': 0
2026-05-17 07:22:53,048 - INFO - Nulls in 'phone_number': 0
2026-05-17 07:22:53,049 - INFO - Nulls in 'credit_card_number': 0
2026-05-17 07:22:53,049 - INFO - Nulls in 'iban': 0
2026-05-17 07:22:53,049 - INFO - Nulls in 'currency_code': 0
2026-05-17 07:22:53,050 - INFO - Nulls in 'random_number': 0
2026-05-17 07:22:53,051 - INFO - Nulls in 'category': 0
2026-05-17 07:22:53,051 - INFO - Nulls in 'group': 0
2026-05-17 07:22:53,052 - INFO - Nulls in 'is_active': 0
2026-05-17 07:22:53,052 - INFO - Nulls in 'last_updated': 0
2026-05-17 07:22:53,053 - INFO - Nulls in 'description': 0
2026-05-17 07:22:53,054 - INFO - Nulls in 'gender': 0
2026-05-17 07:22:53,054 - INFO - Nulls in 'marital_status': 0
2026-05-17 07:22:53,055 - INFO - 
==================================================
2026-05-17 07:22:53,055 - INFO - 🔷 Removing Duplicates
2026-05-17 07:22:53,056 - INFO - ===============================

2026-05-17 07:23:51,006 - INFO - Removed 0 duplicate rows.
2026-05-17 07:23:51,025 - INFO - ⏱️ Step completed in 1m 45s

2026-05-17 07:23:51,036 - INFO - 
==================================================
2026-05-17 07:23:51,036 - INFO - 🔷 Creating dim_customer table
2026-05-17 07:23:51,066 - INFO - ===============================

2026-05-17 07:23:51,086 - INFO - ✅ Schema validation passed.
2026-05-17 07:23:51,184 - INFO - ✅ dim_customer table created with surrogate keys.
2026-05-17 07:23:51,223 - INFO - 
==================================================
2026-05-17 07:23:51,240 - INFO - 🔷 Creating dim_transaction table
2026-05-17 07:23:51,240 - INFO - ===============================

2026-05-17 07:23:51,285 - INFO - ✅ Schema validation passed.
2026-05-17 07:23:51,321 - INFO - ✅ dim_transaction table created with surrogate keys.
2026-05-17 07:23:51,355 - INFO - 
==================================================
2026-05-17 07:23:51,361 - INFO - 🔷 Creating dim_employee table
2026-05-17 07:23:51,362 - INFO - ===============================

2026-05-17 07:23:51,363 - INFO - ✅ Schema validation passed.
2026-05-17 07:23:51,441 - INFO - ✅ dim_employee table created with surrogate keys.
2026-05-17 07:23:51,457 - INFO - 
==================================================
2026-05-17 07:23:51,475 - INFO - 🔷 Creating fact_table table
2026-05-17 07:23:51,484 - INFO - ===============================

2026-05-17 07:23:52,048 - INFO - ✅ Schema validation passed.
2026-05-17 07:23:52,084 - INFO - ✅ fact_table created successfully with all required columns.
2026-05-17 07:23:52,096 - INFO - ⏱️ Step completed in 2m 39s

2026-05-17 07:23:57,845 - INFO - ✅ Database engine created
2026-05-17 07:23:57,846 - INFO - 
==================================================
2026-05-17 07:23:57,847 - INFO - 🔷 Loading dimension & fact tables
2026-05-17 07:23:57,847 - INFO - ===============================

2026-05-17 07:25:28,515 - INFO - ✅ Converted dim_customer to Pandas DataFrame — rows: 899679
2026-05-17 07:32:20,808 - INFO - ✅ Successfully loaded dim_customer to PostgreSQL
2026-05-17 07:37:27,741 - INFO - ✅ Converted dim_transaction to Pandas DataFrame — rows: 899679
2026-05-17 07:40:43,701 - INFO - ✅ Successfully loaded dim_transaction to PostgreSQL
2026-05-17 07:41:55,835 - INFO - ✅ Converted dim_employee to Pandas DataFrame — rows: 899679
2026-05-17 07:46:11,207 - INFO - ✅ Successfully loaded dim_employee to PostgreSQL
2026-05-17 07:52:26,067 - ERROR - ❌ Failed to convert fact_transactions to Pandas: An error occurred while calling o315.collectToPython.
: org.apache.spark.SparkException: Job aborted due to stage failure: Task 7 in stage 200.0 failed 1 times, most recent failure: Lost task 7.0 in stage 200.0 (TID 495) (host.docker.internal executor driver): java.lang.OutOfMemoryError: Java heap space
	at java.base/java.nio.HeapByteBuffer.<init>(HeapByteBuffer.java:71)
	at java.base/java.nio.ByteBuffer.allocate(ByteBuffer.java:391)
	at org.apache.spark.serializer.SerializerHelper$.$anonfun$serializeToChunkedBuffer$1(SerializerHelper.scala:40)
	at org.apache.spark.serializer.SerializerHelper$.$anonfun$serializeToChunkedBuffer$1$adapted(SerializerHelper.scala:40)
	at org.apache.spark.serializer.SerializerHelper$$$Lambda/0x000002be4cef6b90.apply(Unknown Source)
	at org.apache.spark.util.io.ChunkedByteBufferOutputStream.allocateNewChunkIfNeeded(ChunkedByteBufferOutputStream.scala:87)
	at org.apache.spark.util.io.ChunkedByteBufferOutputStream.write(ChunkedByteBufferOutputStream.scala:75)
	at java.base/java.io.ObjectOutputStream$BlockDataOutputStream.write(ObjectOutputStream.java:1875)
	at java.base/java.io.ObjectOutputStream.write(ObjectOutputStream.java:725)
	at org.apache.spark.util.Utils$.$anonfun$writeByteBuffer$1(Utils.scala:216)
	at org.apache.spark.util.Utils$.$anonfun$writeByteBuffer$1$adapted(Utils.scala:216)
	at org.apache.spark.util.Utils$$$Lambda/0x000002be4cef5780.apply(Unknown Source)
	at org.apache.spark.util.Utils$.writeByteBufferImpl(Utils.scala:194)
	at org.apache.spark.util.Utils$.writeByteBuffer(Utils.scala:216)
	at org.apache.spark.util.io.ChunkedByteBuffer.$anonfun$writeExternal$2(ChunkedByteBuffer.scala:102)
	at org.apache.spark.util.io.ChunkedByteBuffer.$anonfun$writeExternal$2$adapted(ChunkedByteBuffer.scala:102)
	at org.apache.spark.util.io.ChunkedByteBuffer$$Lambda/0x000002be4cef53c0.apply(Unknown Source)
	at scala.collection.ArrayOps$.foreach$extension(ArrayOps.scala:1324)
	at org.apache.spark.util.io.ChunkedByteBuffer.writeExternal(ChunkedByteBuffer.scala:102)
	at java.base/java.io.ObjectOutputStream.writeExternalData(ObjectOutputStream.java:1478)
	at java.base/java.io.ObjectOutputStream.writeOrdinaryObject(ObjectOutputStream.java:1449)
	at java.base/java.io.ObjectOutputStream.writeObject0(ObjectOutputStream.java:1194)
	at java.base/java.io.ObjectOutputStream.defaultWriteFields(ObjectOutputStream.java:1585)
	at java.base/java.io.ObjectOutputStream.writeSerialData(ObjectOutputStream.java:1542)
	at java.base/java.io.ObjectOutputStream.writeOrdinaryObject(ObjectOutputStream.java:1451)
	at java.base/java.io.ObjectOutputStream.writeObject0(ObjectOutputStream.java:1194)
	at java.base/java.io.ObjectOutputStream.writeArray(ObjectOutputStream.java:1394)
	at java.base/java.io.ObjectOutputStream.writeObject0(ObjectOutputStream.java:1190)
	at java.base/java.io.ObjectOutputStream.writeObject(ObjectOutputStream.java:358)
	at org.apache.spark.serializer.JavaSerializationStream.writeObject(JavaSerializer.scala:47)
	at org.apache.spark.serializer.SerializerHelper$.serializeToChunkedBuffer(SerializerHelper.scala:42)
	at org.apache.spark.executor.Executor$TaskRunner.run(Executor.scala:764)

Driver stacktrace:
	at org.apache.spark.scheduler.DAGScheduler.$anonfun$abortStage$3(DAGScheduler.scala:3122)
	at scala.Option.getOrElse(Option.scala:201)
	at org.apache.spark.scheduler.DAGScheduler.$anonfun$abortStage$2(DAGScheduler.scala:3122)
	at org.apache.spark.scheduler.DAGScheduler.$anonfun$abortStage$2$adapted(DAGScheduler.scala:3114)
	at scala.collection.immutable.List.foreach(List.scala:323)
	at org.apache.spark.scheduler.DAGScheduler.abortStage(DAGScheduler.scala:3114)
	at org.apache.spark.scheduler.DAGScheduler.$anonfun$handleTaskSetFailed$1(DAGScheduler.scala:1303)
	at org.apache.spark.scheduler.DAGScheduler.$anonfun$handleTaskSetFailed$1$adapted(DAGScheduler.scala:1303)
	at scala.Option.foreach(Option.scala:437)
	at org.apache.spark.scheduler.DAGScheduler.handleTaskSetFailed(DAGScheduler.scala:1303)
	at org.apache.spark.scheduler.DAGSchedulerEventProcessLoop.doOnReceive(DAGScheduler.scala:3397)
	at org.apache.spark.scheduler.DAGSchedulerEventProcessLoop.onReceive(DAGScheduler.scala:3328)
	at org.apache.spark.scheduler.DAGSchedulerEventProcessLoop.onReceive(DAGScheduler.scala:3317)
	at org.apache.spark.util.EventLoop$$anon$1.run(EventLoop.scala:50)
	at org.apache.spark.scheduler.DAGScheduler.runJob(DAGScheduler.scala:1017)
	at org.apache.spark.SparkContext.runJob(SparkContext.scala:2496)
	at org.apache.spark.SparkContext.runJob(SparkContext.scala:2517)
	at org.apache.spark.SparkContext.runJob(SparkContext.scala:2536)
	at org.apache.spark.SparkContext.runJob(SparkContext.scala:2561)
	at org.apache.spark.rdd.RDD.$anonfun$collect$1(RDD.scala:1057)
	at org.apache.spark.rdd.RDDOperationScope$.withScope(RDDOperationScope.scala:151)
	at org.apache.spark.rdd.RDDOperationScope$.withScope(RDDOperationScope.scala:112)
	at org.apache.spark.rdd.RDD.withScope(RDD.scala:417)
	at org.apache.spark.rdd.RDD.collect(RDD.scala:1056)
	at org.apache.spark.sql.execution.SparkPlan.executeCollect(SparkPlan.scala:462)
	at org.apache.spark.sql.execution.adaptive.AdaptiveSparkPlanExec.$anonfun$executeCollect$1(AdaptiveSparkPlanExec.scala:396)
	at org.apache.spark.sql.execution.adaptive.ResultQueryStageExec.$anonfun$doMaterialize$1(QueryStageExec.scala:328)
	at org.apache.spark.sql.execution.SQLExecution$.$anonfun$withThreadLocalCaptured$4(SQLExecution.scala:335)
	at org.apache.spark.sql.execution.SQLExecution$.withSessionTagsApplied(SQLExecution.scala:285)
	at org.apache.spark.sql.execution.SQLExecution$.$anonfun$withThreadLocalCaptured$3(SQLExecution.scala:333)
	at org.apache.spark.JobArtifactSet$.withActiveJobArtifactState(JobArtifactSet.scala:94)
	at org.apache.spark.sql.execution.SQLExecution$.$anonfun$withThreadLocalCaptured$2(SQLExecution.scala:329)
	at java.base/java.util.concurrent.CompletableFuture$AsyncSupply.run(CompletableFuture.java:1768)
	at java.base/java.util.concurrent.ThreadPoolExecutor.runWorker(ThreadPoolExecutor.java:1144)
	at java.base/java.util.concurrent.ThreadPoolExecutor$Worker.run(ThreadPoolExecutor.java:642)
	at java.base/java.lang.Thread.run(Thread.java:1583)
Caused by: java.lang.OutOfMemoryError: Java heap space
	at java.base/java.nio.HeapByteBuffer.<init>(HeapByteBuffer.java:71)
	at java.base/java.nio.ByteBuffer.allocate(ByteBuffer.java:391)
	at org.apache.spark.serializer.SerializerHelper$.$anonfun$serializeToChunkedBuffer$1(SerializerHelper.scala:40)
	at org.apache.spark.serializer.SerializerHelper$.$anonfun$serializeToChunkedBuffer$1$adapted(SerializerHelper.scala:40)
	at org.apache.spark.serializer.SerializerHelper$$$Lambda/0x000002be4cef6b90.apply(Unknown Source)
	at org.apache.spark.util.io.ChunkedByteBufferOutputStream.allocateNewChunkIfNeeded(ChunkedByteBufferOutputStream.scala:87)
	at org.apache.spark.util.io.ChunkedByteBufferOutputStream.write(ChunkedByteBufferOutputStream.scala:75)
	at java.base/java.io.ObjectOutputStream$BlockDataOutputStream.write(ObjectOutputStream.java:1875)
	at java.base/java.io.ObjectOutputStream.write(ObjectOutputStream.java:725)
	at org.apache.spark.util.Utils$.$anonfun$writeByteBuffer$1(Utils.scala:216)
	at org.apache.spark.util.Utils$.$anonfun$writeByteBuffer$1$adapted(Utils.scala:216)
	at org.apache.spark.util.Utils$$$Lambda/0x000002be4cef5780.apply(Unknown Source)
	at org.apache.spark.util.Utils$.writeByteBufferImpl(Utils.scala:194)
	at org.apache.spark.util.Utils$.writeByteBuffer(Utils.scala:216)
	at org.apache.spark.util.io.ChunkedByteBuffer.$anonfun$writeExternal$2(ChunkedByteBuffer.scala:102)
	at org.apache.spark.util.io.ChunkedByteBuffer.$anonfun$writeExternal$2$adapted(ChunkedByteBuffer.scala:102)
	at org.apache.spark.util.io.ChunkedByteBuffer$$Lambda/0x000002be4cef53c0.apply(Unknown Source)
	at scala.collection.ArrayOps$.foreach$extension(ArrayOps.scala:1324)
	at org.apache.spark.util.io.ChunkedByteBuffer.writeExternal(ChunkedByteBuffer.scala:102)
	at java.base/java.io.ObjectOutputStream.writeExternalData(ObjectOutputStream.java:1478)
	at java.base/java.io.ObjectOutputStream.writeOrdinaryObject(ObjectOutputStream.java:1449)
	at java.base/java.io.ObjectOutputStream.writeObject0(ObjectOutputStream.java:1194)
	at java.base/java.io.ObjectOutputStream.defaultWriteFields(ObjectOutputStream.java:1585)
	at java.base/java.io.ObjectOutputStream.writeSerialData(ObjectOutputStream.java:1542)
	at java.base/java.io.ObjectOutputStream.writeOrdinaryObject(ObjectOutputStream.java:1451)
	at java.base/java.io.ObjectOutputStream.writeObject0(ObjectOutputStream.java:1194)
	at java.base/java.io.ObjectOutputStream.writeArray(ObjectOutputStream.java:1394)
	at java.base/java.io.ObjectOutputStream.writeObject0(ObjectOutputStream.java:1190)
	at java.base/java.io.ObjectOutputStream.writeObject(ObjectOutputStream.java:358)
	at org.apache.spark.serializer.JavaSerializationStream.writeObject(JavaSerializer.scala:47)
	at org.apache.spark.serializer.SerializerHelper$.serializeToChunkedBuffer(SerializerHelper.scala:42)
	at org.apache.spark.executor.Executor$TaskRunner.run(Executor.scala:764)

2026-05-17 07:52:26,073 - WARNING - ⚠️ Skipping fact_transactions — missing data or engine
2026-05-17 07:52:56,416 - INFO - ⏱️ Step completed in 31m 44s

2026-05-17 07:52:56,417 - INFO - 
📦 dim_customer schema:
2026-05-17 07:52:56,424 - INFO - Error while sending or receiving.
Traceback (most recent call last):
  File "C:\Users\dell\Desktop\fibbie_banks\fibbie_banks\venv\Lib\site-packages\py4j\clientserver.py", line 527, in send_command
    self.socket.sendall(command.encode("utf-8"))
    ~~~~~~~~~~~~~~~~~~~^^^^^^^^^^^^^^^^^^^^^^^^^
ConnectionResetError: [WinError 10054] An existing connection was forcibly closed by the remote host
2026-05-17 07:52:56,528 - INFO - Closing down clientserver connection
2026-05-17 07:52:56,535 - INFO - Exception while sending command.
Traceback (most recent call last):
  File "C:\Users\dell\Desktop\fibbie_banks\fibbie_banks\venv\Lib\site-packages\py4j\clientserver.py", line 527, in send_command
    self.socket.sendall(command.encode("utf-8"))
    ~~~~~~~~~~~~~~~~~~~^^^^^^^^^^^^^^^^^^^^^^^^^
ConnectionResetError: [WinError 10054] An existing connection was forcibly closed by the remote host

During handling of the above exception, another exception occurred:

Traceback (most recent call last):
  File "C:\Users\dell\Desktop\fibbie_banks\fibbie_banks\venv\Lib\site-packages\py4j\java_gateway.py", line 1038, in send_command
    response = connection.send_command(command)
  File "C:\Users\dell\Desktop\fibbie_banks\fibbie_banks\venv\Lib\site-packages\py4j\clientserver.py", line 530, in send_command
    raise Py4JNetworkError(
        "Error while sending", e, proto.ERROR_ON_SEND)
py4j.protocol.Py4JNetworkError: Error while sending
2026-05-17 07:52:58,563 - INFO - Closing down clientserver connection
2026-05-17 07:52:58,565 - ERROR - ❌ An error occurred during load process: [WinError 10061] No connection could be made because the target machine actively refused it
2026-05-17 07:53:00,599 - INFO - Closing down clientserver connection
2026-05-17 07:53:00,706 - INFO - Closing down clientserver connection
2026-05-17 07:53:00,865 - INFO - Closing down clientserver connection
2026-05-17 07:53:00,867 - INFO - Closing down clientserver connection
2026-05-17 07:53:00,868 - INFO - Closing down clientserver connection
2026-05-17 07:55:45,132 - INFO - 
==================================================
2026-05-17 07:55:45,133 - INFO - 🔷 Creating Spark Session
2026-05-17 07:55:45,134 - INFO - ===============================

2026-05-17 07:56:17,863 - INFO - Spark Session created successfully.
2026-05-17 07:56:17,864 - INFO - 
==================================================
2026-05-17 07:56:17,864 - INFO - 🔷 Reading CSV file: dataset\fibbie_bank_transactions.csv
2026-05-17 07:56:17,865 - INFO - ===============================

2026-05-17 07:56:34,886 - INFO - CSV file 'dataset\fibbie_bank_transactions.csv' read into Spark DataFrame successfully.
2026-05-17 07:56:34,889 - INFO - ⏱️ Step completed in 49s

2026-05-17 07:56:35,272 - INFO - 
==================================================
2026-05-17 07:56:35,274 - INFO - 🔷 Handling Missing Values - Initial Count
2026-05-17 07:56:35,274 - INFO - ===============================

2026-05-17 07:57:11,146 - INFO - Nulls in 'transaction_date': 0
2026-05-17 07:57:11,147 - INFO - Nulls in 'amount': 0
2026-05-17 07:57:11,148 - INFO - Nulls in 'transaction_type': 0
2026-05-17 07:57:11,151 - INFO - Nulls in 'customer_name': 100425
2026-05-17 07:57:11,151 - INFO - Nulls in 'customer_address': 100087
2026-05-17 07:57:11,153 - INFO - Nulls in 'customer_city': 100034
2026-05-17 07:57:11,157 - INFO - Nulls in 'customer_state': 100009
2026-05-17 07:57:11,164 - INFO - Nulls in 'customer_country': 100672
2026-05-17 07:57:11,165 - INFO - Nulls in 'company': 100295
2026-05-17 07:57:11,167 - INFO - Nulls in 'job_title': 99924
2026-05-17 07:57:11,167 - INFO - Nulls in 'email': 100043
2026-05-17 07:57:11,169 - INFO - Nulls in 'phone_number': 100524
2026-05-17 07:57:11,170 - INFO - Nulls in 'credit_card_number': 100085
2026-05-17 07:57:11,170 - INFO - Nulls in 'iban': 100300
2026-05-17 07:57:11,171 - INFO - Nulls in 'currency_code': 99342
2026-05-17 07:57:11,171 - INFO - Nulls in 'random_number': 99913
2026-05-17 07:57:11,174 - INFO - Nulls in 'category': 100332
2026-05-17 07:57:11,175 - INFO - Nulls in 'group': 100209
2026-05-17 07:57:11,181 - INFO - Nulls in 'is_active': 100259
2026-05-17 07:57:11,183 - INFO - Nulls in 'last_updated': 100321
2026-05-17 07:57:11,184 - INFO - Nulls in 'description': 100403
2026-05-17 07:57:11,185 - INFO - Nulls in 'gender': 99767
2026-05-17 07:57:11,186 - INFO - Nulls in 'marital_status': 99904
2026-05-17 07:57:11,186 - INFO - 
==================================================
2026-05-17 07:57:11,187 - INFO - 🔷 Filling Missing Values
2026-05-17 07:57:11,187 - INFO - ===============================

2026-05-17 07:57:11,331 - INFO - Missing values filled with defaults.
2026-05-17 07:57:11,332 - INFO - 
==================================================
2026-05-17 07:57:11,332 - INFO - 🔷 Dropping Missing Values
2026-05-17 07:57:11,333 - INFO - ===============================

2026-05-17 07:57:14,208 - INFO - Dropped 100321 rows where 'last_updated' was null.
2026-05-17 07:57:14,209 - INFO - 
==================================================
2026-05-17 07:57:14,209 - INFO - 🔷 Handling Missing Values - After Filling & Dropping
2026-05-17 07:57:14,213 - INFO - ===============================

2026-05-17 07:57:22,472 - INFO - Nulls in 'transaction_date': 0
2026-05-17 07:57:22,473 - INFO - Nulls in 'amount': 0
2026-05-17 07:57:22,474 - INFO - Nulls in 'transaction_type': 0
2026-05-17 07:57:22,474 - INFO - Nulls in 'customer_name': 0
2026-05-17 07:57:22,475 - INFO - Nulls in 'customer_address': 0
2026-05-17 07:57:22,475 - INFO - Nulls in 'customer_city': 0
2026-05-17 07:57:22,476 - INFO - Nulls in 'customer_state': 0
2026-05-17 07:57:22,476 - INFO - Nulls in 'customer_country': 0
2026-05-17 07:57:22,477 - INFO - Nulls in 'company': 0
2026-05-17 07:57:22,477 - INFO - Nulls in 'job_title': 0
2026-05-17 07:57:22,478 - INFO - Nulls in 'email': 0
2026-05-17 07:57:22,480 - INFO - Nulls in 'phone_number': 0
2026-05-17 07:57:22,481 - INFO - Nulls in 'credit_card_number': 0
2026-05-17 07:57:22,481 - INFO - Nulls in 'iban': 0
2026-05-17 07:57:22,482 - INFO - Nulls in 'currency_code': 0
2026-05-17 07:57:22,482 - INFO - Nulls in 'random_number': 0
2026-05-17 07:57:22,482 - INFO - Nulls in 'category': 0
2026-05-17 07:57:22,483 - INFO - Nulls in 'group': 0
2026-05-17 07:57:22,483 - INFO - Nulls in 'is_active': 0
2026-05-17 07:57:22,484 - INFO - Nulls in 'last_updated': 0
2026-05-17 07:57:22,484 - INFO - Nulls in 'description': 0
2026-05-17 07:57:22,484 - INFO - Nulls in 'gender': 0
2026-05-17 07:57:22,485 - INFO - Nulls in 'marital_status': 0
2026-05-17 07:57:22,486 - INFO - 
==================================================
2026-05-17 07:57:22,487 - INFO - 🔷 Removing Duplicates
2026-05-17 07:57:22,487 - INFO - ===============================

2026-05-17 07:58:14,528 - INFO - Removed 0 duplicate rows.
2026-05-17 07:58:14,540 - INFO - ⏱️ Step completed in 1m 39s

2026-05-17 07:58:14,545 - INFO - 
==================================================
2026-05-17 07:58:14,551 - INFO - 🔷 Creating dim_customer table
2026-05-17 07:58:14,561 - INFO - ===============================

2026-05-17 07:58:14,566 - INFO - ✅ Schema validation passed.
2026-05-17 07:58:14,655 - INFO - ✅ dim_customer table created with surrogate keys.
2026-05-17 07:58:14,660 - INFO - 
==================================================
2026-05-17 07:58:14,661 - INFO - 🔷 Creating dim_transaction table
2026-05-17 07:58:14,661 - INFO - ===============================

2026-05-17 07:58:14,661 - INFO - ✅ Schema validation passed.
2026-05-17 07:58:14,690 - INFO - ✅ dim_transaction table created with surrogate keys.
2026-05-17 07:58:14,694 - INFO - 
==================================================
2026-05-17 07:58:14,695 - INFO - 🔷 Creating dim_employee table
2026-05-17 07:58:14,695 - INFO - ===============================

2026-05-17 07:58:14,695 - INFO - ✅ Schema validation passed.
2026-05-17 07:58:14,721 - INFO - ✅ dim_employee table created with surrogate keys.
2026-05-17 07:58:14,725 - INFO - 
==================================================
2026-05-17 07:58:14,725 - INFO - 🔷 Creating fact_table table
2026-05-17 07:58:14,726 - INFO - ===============================

2026-05-17 07:58:15,384 - INFO - ✅ Schema validation passed.
2026-05-17 07:58:15,399 - INFO - ✅ fact_table created successfully with all required columns.
2026-05-17 07:58:15,420 - INFO - ⏱️ Step completed in 2m 30s

2026-05-17 07:58:23,035 - INFO - ✅ Database engine created
2026-05-17 07:58:23,035 - INFO - 
==================================================
2026-05-17 07:58:23,036 - INFO - 🔷 Loading dimension & fact tables into ANALYTIC schema
2026-05-17 07:58:23,036 - INFO - ===============================

2026-05-17 08:00:07,541 - INFO - ✅ Converted dim_customer to Pandas DataFrame — rows: 899679
2026-05-17 08:00:08,755 - ERROR - ❌ Failed to load analytics.dim_customer: (psycopg2.errors.DependentObjectsStillExist) cannot drop table analytics.dim_customer because other objects depend on it
DETAIL:  constraint fact_transactions_customer_id_fkey on table analytics.fact_transactions depends on table analytics.dim_customer
HINT:  Use DROP ... CASCADE to drop the dependent objects too.

[SQL: 
DROP TABLE analytics.dim_customer]
(Background on this error at: https://sqlalche.me/e/20/2j85)
2026-05-17 08:00:08,756 - ERROR - ❌ Process stopped due to critical error
2026-05-17 08:00:08,812 - INFO - Closing down clientserver connection
2026-05-17 08:36:19,143 - INFO - 
==================================================
2026-05-17 08:36:19,149 - INFO - 🔷 Creating Spark Session
2026-05-17 08:36:19,150 - INFO - ===============================

2026-05-17 08:36:49,467 - INFO - Spark Session created successfully.
2026-05-17 08:36:49,468 - INFO - 
==================================================
2026-05-17 08:36:49,469 - INFO - 🔷 Reading CSV file: dataset\fibbie_bank_transactions.csv
2026-05-17 08:36:49,470 - INFO - ===============================

2026-05-17 08:37:05,471 - INFO - CSV file 'dataset\fibbie_bank_transactions.csv' read into Spark DataFrame successfully.
2026-05-17 08:37:05,471 - INFO - ⏱️ Step completed in 46s

2026-05-17 08:37:07,140 - INFO - ✅ Spark session stopped successfully.
2026-05-17 08:37:07,172 - INFO - Closing down clientserver connection
2026-05-17 08:43:39,256 - INFO - 
==================================================
2026-05-17 08:43:39,257 - INFO - 🔷 Creating Spark Session
2026-05-17 08:43:39,257 - INFO - ===============================

2026-05-17 08:44:03,498 - INFO - Spark Session created successfully.
2026-05-17 08:44:03,499 - INFO - 
==================================================
2026-05-17 08:44:03,499 - INFO - 🔷 Reading CSV file: dataset\fibbie_bank_transactions.csv
2026-05-17 08:44:03,500 - INFO - ===============================

2026-05-17 08:44:16,698 - INFO - CSV file 'dataset\fibbie_bank_transactions.csv' read into Spark DataFrame successfully.
2026-05-17 08:44:16,699 - INFO - ⏱️ Step completed in 37s

2026-05-17 08:44:17,187 - INFO - 
==================================================
2026-05-17 08:44:17,189 - INFO - 🔷 Handling Missing Values - Initial Count
2026-05-17 08:44:17,189 - INFO - ===============================

2026-05-17 08:44:48,373 - INFO - Nulls in 'transaction_date': 0
2026-05-17 08:44:48,374 - INFO - Nulls in 'amount': 0
2026-05-17 08:44:48,374 - INFO - Nulls in 'transaction_type': 0
2026-05-17 08:44:48,376 - INFO - Nulls in 'customer_name': 100425
2026-05-17 08:44:48,376 - INFO - Nulls in 'customer_address': 100087
2026-05-17 08:44:48,377 - INFO - Nulls in 'customer_city': 100034
2026-05-17 08:44:48,379 - INFO - Nulls in 'customer_state': 100009
2026-05-17 08:44:48,381 - INFO - Nulls in 'customer_country': 100672
2026-05-17 08:44:48,382 - INFO - Nulls in 'company': 100295
2026-05-17 08:44:48,382 - INFO - Nulls in 'job_title': 99924
2026-05-17 08:44:48,383 - INFO - Nulls in 'email': 100043
2026-05-17 08:44:48,384 - INFO - Nulls in 'phone_number': 100524
2026-05-17 08:44:48,384 - INFO - Nulls in 'credit_card_number': 100085
2026-05-17 08:44:48,384 - INFO - Nulls in 'iban': 100300
2026-05-17 08:44:48,385 - INFO - Nulls in 'currency_code': 99342
2026-05-17 08:44:48,385 - INFO - Nulls in 'random_number': 99913
2026-05-17 08:44:48,386 - INFO - Nulls in 'category': 100332
2026-05-17 08:44:48,386 - INFO - Nulls in 'group': 100209
2026-05-17 08:44:48,387 - INFO - Nulls in 'is_active': 100259
2026-05-17 08:44:48,387 - INFO - Nulls in 'last_updated': 100321
2026-05-17 08:44:48,388 - INFO - Nulls in 'description': 100403
2026-05-17 08:44:48,389 - INFO - Nulls in 'gender': 99767
2026-05-17 08:44:48,390 - INFO - Nulls in 'marital_status': 99904
2026-05-17 08:44:48,391 - INFO - 
==================================================
2026-05-17 08:44:48,393 - INFO - 🔷 Filling Missing Values
2026-05-17 08:44:48,394 - INFO - ===============================

2026-05-17 08:44:48,531 - INFO - Missing values filled with defaults.
2026-05-17 08:44:48,531 - INFO - 
==================================================
2026-05-17 08:44:48,532 - INFO - 🔷 Dropping Missing Values
2026-05-17 08:44:48,532 - INFO - ===============================

2026-05-17 08:44:50,774 - INFO - Dropped 100321 rows where 'last_updated' was null.
2026-05-17 08:44:50,779 - INFO - 
==================================================
2026-05-17 08:44:50,782 - INFO - 🔷 Handling Missing Values - After Filling & Dropping
2026-05-17 08:44:50,786 - INFO - ===============================

2026-05-17 08:44:58,188 - INFO - Nulls in 'transaction_date': 0
2026-05-17 08:44:58,189 - INFO - Nulls in 'amount': 0
2026-05-17 08:44:58,189 - INFO - Nulls in 'transaction_type': 0
2026-05-17 08:44:58,190 - INFO - Nulls in 'customer_name': 0
2026-05-17 08:44:58,190 - INFO - Nulls in 'customer_address': 0
2026-05-17 08:44:58,190 - INFO - Nulls in 'customer_city': 0
2026-05-17 08:44:58,191 - INFO - Nulls in 'customer_state': 0
2026-05-17 08:44:58,191 - INFO - Nulls in 'customer_country': 0
2026-05-17 08:44:58,192 - INFO - Nulls in 'company': 0
2026-05-17 08:44:58,192 - INFO - Nulls in 'job_title': 0
2026-05-17 08:44:58,193 - INFO - Nulls in 'email': 0
2026-05-17 08:44:58,193 - INFO - Nulls in 'phone_number': 0
2026-05-17 08:44:58,194 - INFO - Nulls in 'credit_card_number': 0
2026-05-17 08:44:58,194 - INFO - Nulls in 'iban': 0
2026-05-17 08:44:58,194 - INFO - Nulls in 'currency_code': 0
2026-05-17 08:44:58,195 - INFO - Nulls in 'random_number': 0
2026-05-17 08:44:58,195 - INFO - Nulls in 'category': 0
2026-05-17 08:44:58,196 - INFO - Nulls in 'group': 0
2026-05-17 08:44:58,196 - INFO - Nulls in 'is_active': 0
2026-05-17 08:44:58,197 - INFO - Nulls in 'last_updated': 0
2026-05-17 08:44:58,197 - INFO - Nulls in 'description': 0
2026-05-17 08:44:58,198 - INFO - Nulls in 'gender': 0
2026-05-17 08:44:58,198 - INFO - Nulls in 'marital_status': 0
2026-05-17 08:44:58,199 - INFO - 
==================================================
2026-05-17 08:44:58,199 - INFO - 🔷 Removing Duplicates
2026-05-17 08:44:58,200 - INFO - ===============================

2026-05-17 08:45:24,854 - INFO - Removed 0 duplicate rows.
2026-05-17 08:45:24,872 - INFO - ⏱️ Step completed in 1m 7s

2026-05-17 08:45:24,876 - INFO - 
==================================================
2026-05-17 08:45:24,883 - INFO - 🔷 Creating dim_customer table
2026-05-17 08:45:24,884 - INFO - ===============================

2026-05-17 08:45:24,892 - INFO - ✅ Schema validation passed.
2026-05-17 08:45:25,018 - INFO - ✅ dim_customer table created with surrogate keys.
2026-05-17 08:45:25,026 - INFO - 
==================================================
2026-05-17 08:45:25,032 - INFO - 🔷 Creating dim_transaction table
2026-05-17 08:45:25,033 - INFO - ===============================

2026-05-17 08:45:25,047 - INFO - ✅ Schema validation passed.
2026-05-17 08:45:25,104 - INFO - ✅ dim_transaction table created with surrogate keys.
2026-05-17 08:45:25,113 - INFO - 
==================================================
2026-05-17 08:45:25,120 - INFO - 🔷 Creating dim_employee table
2026-05-17 08:45:25,121 - INFO - ===============================

2026-05-17 08:45:25,124 - INFO - ✅ Schema validation passed.
2026-05-17 08:45:25,173 - INFO - ✅ dim_employee table created with surrogate keys.
2026-05-17 08:45:25,180 - INFO - 
==================================================
2026-05-17 08:45:25,181 - INFO - 🔷 Creating fact_table table
2026-05-17 08:45:25,181 - INFO - ===============================

2026-05-17 08:45:26,229 - INFO - ✅ Schema validation passed.
2026-05-17 08:45:26,230 - INFO - ✅ fact_table created successfully with all required columns.
2026-05-17 08:45:26,241 - INFO - ⏱️ Step completed in 1m 46s

2026-05-17 08:45:26,888 - INFO - ✅ Database engine created
2026-05-17 08:45:27,366 - INFO - ✅ Schema analytics is ready
2026-05-17 08:45:27,366 - INFO - 
==================================================
2026-05-17 08:45:27,367 - INFO - 🔷 Loading dimension & fact tables — INCREMENTAL MODE
2026-05-17 08:45:27,368 - INFO - ===============================

2026-05-17 08:45:27,368 - INFO - 📥 Writing new data to temp table: analytics.temp_dim_customer
2026-05-17 08:45:27,815 - ERROR - ❌ Failed to process analytics.dim_customer: An error occurred while calling o332.jdbc.
: java.lang.ClassNotFoundException: org.postgresql.Driver
	at java.base/java.net.URLClassLoader.findClass(URLClassLoader.java:445)
	at java.base/java.lang.ClassLoader.loadClass(ClassLoader.java:593)
	at java.base/java.lang.ClassLoader.loadClass(ClassLoader.java:526)
	at org.apache.spark.sql.execution.datasources.jdbc.DriverRegistry$.register(DriverRegistry.scala:47)
	at org.apache.spark.sql.execution.datasources.jdbc.JDBCOptions.$anonfun$driverClass$1(JDBCOptions.scala:112)
	at org.apache.spark.sql.execution.datasources.jdbc.JDBCOptions.$anonfun$driverClass$1$adapted(JDBCOptions.scala:112)
	at scala.Option.foreach(Option.scala:437)
	at org.apache.spark.sql.execution.datasources.jdbc.JDBCOptions.<init>(JDBCOptions.scala:112)
	at org.apache.spark.sql.execution.datasources.jdbc.JdbcOptionsInWrite.<init>(JDBCOptions.scala:276)
	at org.apache.spark.sql.execution.datasources.jdbc.JdbcOptionsInWrite.<init>(JDBCOptions.scala:280)
	at org.apache.spark.sql.execution.datasources.jdbc.JdbcRelationProvider.createRelation(JdbcRelationProvider.scala:57)
	at org.apache.spark.sql.execution.datasources.SaveIntoDataSourceCommand.run(SaveIntoDataSourceCommand.scala:55)
	at org.apache.spark.sql.execution.command.ExecutedCommandExec.sideEffectResult$lzycompute(commands.scala:79)
	at org.apache.spark.sql.execution.command.ExecutedCommandExec.sideEffectResult(commands.scala:77)
	at org.apache.spark.sql.execution.command.ExecutedCommandExec.executeCollect(commands.scala:88)
	at org.apache.spark.sql.execution.QueryExecution.$anonfun$eagerlyExecuteCommands$2(QueryExecution.scala:185)
	at org.apache.spark.sql.execution.SQLExecution$.$anonfun$withNewExecutionId0$8(SQLExecution.scala:177)
	at org.apache.spark.sql.execution.SQLExecution$.withSessionTagsApplied(SQLExecution.scala:285)
	at org.apache.spark.sql.execution.SQLExecution$.$anonfun$withNewExecutionId0$7(SQLExecution.scala:139)
	at org.apache.spark.JobArtifactSet$.withActiveJobArtifactState(JobArtifactSet.scala:94)
	at org.apache.spark.sql.artifact.ArtifactManager.$anonfun$withResources$1(ArtifactManager.scala:112)
	at org.apache.spark.sql.artifact.ArtifactManager.withClassLoaderIfNeeded(ArtifactManager.scala:106)
	at org.apache.spark.sql.artifact.ArtifactManager.withResources(ArtifactManager.scala:111)
	at org.apache.spark.sql.execution.SQLExecution$.$anonfun$withNewExecutionId0$6(SQLExecution.scala:139)
	at org.apache.spark.sql.execution.SQLExecution$.withSQLConfPropagated(SQLExecution.scala:308)
	at org.apache.spark.sql.execution.SQLExecution$.$anonfun$withNewExecutionId0$1(SQLExecution.scala:138)
	at org.apache.spark.sql.SparkSession.withActive(SparkSession.scala:804)
	at org.apache.spark.sql.execution.SQLExecution$.withNewExecutionId0(SQLExecution.scala:92)
	at org.apache.spark.sql.execution.SQLExecution$.withNewExecutionId(SQLExecution.scala:250)
	at org.apache.spark.sql.execution.QueryExecution.$anonfun$eagerlyExecuteCommands$1(QueryExecution.scala:185)
	at org.apache.spark.sql.execution.QueryExecution$.withInternalError(QueryExecution.scala:717)
	at org.apache.spark.sql.execution.QueryExecution.org$apache$spark$sql$execution$QueryExecution$$eagerlyExecute$1(QueryExecution.scala:184)
	at org.apache.spark.sql.execution.QueryExecution$$anonfun$eagerlyExecuteCommands$3.applyOrElse(QueryExecution.scala:201)
	at org.apache.spark.sql.execution.QueryExecution$$anonfun$eagerlyExecuteCommands$3.applyOrElse(QueryExecution.scala:194)
	at org.apache.spark.sql.catalyst.trees.TreeNode.$anonfun$transformDownWithPruning$1(TreeNode.scala:491)
	at org.apache.spark.sql.catalyst.trees.CurrentOrigin$.withOrigin(origin.scala:107)
	at org.apache.spark.sql.catalyst.trees.TreeNode.transformDownWithPruning(TreeNode.scala:491)
	at org.apache.spark.sql.catalyst.plans.logical.LogicalPlan.org$apache$spark$sql$catalyst$plans$logical$AnalysisHelper$$super$transformDownWithPruning(LogicalPlan.scala:37)
	at org.apache.spark.sql.catalyst.plans.logical.AnalysisHelper.transformDownWithPruning(AnalysisHelper.scala:360)
	at org.apache.spark.sql.catalyst.plans.logical.AnalysisHelper.transformDownWithPruning$(AnalysisHelper.scala:356)
	at org.apache.spark.sql.catalyst.plans.logical.LogicalPlan.transformDownWithPruning(LogicalPlan.scala:37)
	at org.apache.spark.sql.catalyst.plans.logical.LogicalPlan.transformDownWithPruning(LogicalPlan.scala:37)
	at org.apache.spark.sql.catalyst.trees.TreeNode.transformDown(TreeNode.scala:467)
	at org.apache.spark.sql.execution.QueryExecution.eagerlyExecuteCommands(QueryExecution.scala:194)
	at org.apache.spark.sql.execution.QueryExecution.$anonfun$lazyCommandExecuted$1(QueryExecution.scala:155)
	at scala.util.Try$.apply(Try.scala:217)
	at org.apache.spark.util.Utils$.doTryWithCallerStacktrace(Utils.scala:1392)
	at org.apache.spark.util.Utils$.getTryWithCallerStacktrace(Utils.scala:1453)
	at org.apache.spark.util.LazyTry.get(LazyTry.scala:58)
	at org.apache.spark.sql.execution.QueryExecution.commandExecuted(QueryExecution.scala:160)
	at org.apache.spark.sql.execution.QueryExecution.assertCommandExecuted(QueryExecution.scala:239)
	at org.apache.spark.sql.classic.DataFrameWriter.runCommand(DataFrameWriter.scala:592)
	at org.apache.spark.sql.classic.DataFrameWriter.save(DataFrameWriter.scala:126)
	at org.apache.spark.sql.DataFrameWriter.jdbc(DataFrameWriter.scala:334)
	at java.base/jdk.internal.reflect.NativeMethodAccessorImpl.invoke0(Native Method)
	at java.base/jdk.internal.reflect.NativeMethodAccessorImpl.invoke(NativeMethodAccessorImpl.java:75)
	at java.base/jdk.internal.reflect.DelegatingMethodAccessorImpl.invoke(DelegatingMethodAccessorImpl.java:52)
	at java.base/java.lang.reflect.Method.invoke(Method.java:580)
	at py4j.reflection.MethodInvoker.invoke(MethodInvoker.java:244)
	at py4j.reflection.ReflectionEngine.invoke(ReflectionEngine.java:374)
	at py4j.Gateway.invoke(Gateway.java:282)
	at py4j.commands.AbstractCommand.invokeMethod(AbstractCommand.java:132)
	at py4j.commands.CallCommand.execute(CallCommand.java:79)
	at py4j.ClientServerConnection.waitForCommands(ClientServerConnection.java:184)
	at py4j.ClientServerConnection.run(ClientServerConnection.java:108)
	at java.base/java.lang.Thread.run(Thread.java:1583)
	Suppressed: org.apache.spark.util.Utils$OriginalTryStackTraceException: Full stacktrace of original doTryWithCallerStacktrace caller
		at java.base/java.net.URLClassLoader.findClass(URLClassLoader.java:445)
		at java.base/java.lang.ClassLoader.loadClass(ClassLoader.java:593)
		at java.base/java.lang.ClassLoader.loadClass(ClassLoader.java:526)
		at org.apache.spark.sql.execution.datasources.jdbc.DriverRegistry$.register(DriverRegistry.scala:47)
		at org.apache.spark.sql.execution.datasources.jdbc.JDBCOptions.$anonfun$driverClass$1(JDBCOptions.scala:112)
		at org.apache.spark.sql.execution.datasources.jdbc.JDBCOptions.$anonfun$driverClass$1$adapted(JDBCOptions.scala:112)
		at scala.Option.foreach(Option.scala:437)
		at org.apache.spark.sql.execution.datasources.jdbc.JDBCOptions.<init>(JDBCOptions.scala:112)
		at org.apache.spark.sql.execution.datasources.jdbc.JdbcOptionsInWrite.<init>(JDBCOptions.scala:276)
		at org.apache.spark.sql.execution.datasources.jdbc.JdbcOptionsInWrite.<init>(JDBCOptions.scala:280)
		at org.apache.spark.sql.execution.datasources.jdbc.JdbcRelationProvider.createRelation(JdbcRelationProvider.scala:57)
		at org.apache.spark.sql.execution.datasources.SaveIntoDataSourceCommand.run(SaveIntoDataSourceCommand.scala:55)
		at org.apache.spark.sql.execution.command.ExecutedCommandExec.sideEffectResult$lzycompute(commands.scala:79)
		at org.apache.spark.sql.execution.command.ExecutedCommandExec.sideEffectResult(commands.scala:77)
		at org.apache.spark.sql.execution.command.ExecutedCommandExec.executeCollect(commands.scala:88)
		at org.apache.spark.sql.execution.QueryExecution.$anonfun$eagerlyExecuteCommands$2(QueryExecution.scala:185)
		at org.apache.spark.sql.execution.SQLExecution$.$anonfun$withNewExecutionId0$8(SQLExecution.scala:177)
		at org.apache.spark.sql.execution.SQLExecution$.withSessionTagsApplied(SQLExecution.scala:285)
		at org.apache.spark.sql.execution.SQLExecution$.$anonfun$withNewExecutionId0$7(SQLExecution.scala:139)
		at org.apache.spark.JobArtifactSet$.withActiveJobArtifactState(JobArtifactSet.scala:94)
		at org.apache.spark.sql.artifact.ArtifactManager.$anonfun$withResources$1(ArtifactManager.scala:112)
		at org.apache.spark.sql.artifact.ArtifactManager.withClassLoaderIfNeeded(ArtifactManager.scala:106)
		at org.apache.spark.sql.artifact.ArtifactManager.withResources(ArtifactManager.scala:111)
		at org.apache.spark.sql.execution.SQLExecution$.$anonfun$withNewExecutionId0$6(SQLExecution.scala:139)
		at org.apache.spark.sql.execution.SQLExecution$.withSQLConfPropagated(SQLExecution.scala:308)
		at org.apache.spark.sql.execution.SQLExecution$.$anonfun$withNewExecutionId0$1(SQLExecution.scala:138)
		at org.apache.spark.sql.SparkSession.withActive(SparkSession.scala:804)
		at org.apache.spark.sql.execution.SQLExecution$.withNewExecutionId0(SQLExecution.scala:92)
		at org.apache.spark.sql.execution.SQLExecution$.withNewExecutionId(SQLExecution.scala:250)
		at org.apache.spark.sql.execution.QueryExecution.$anonfun$eagerlyExecuteCommands$1(QueryExecution.scala:185)
		at org.apache.spark.sql.execution.QueryExecution$.withInternalError(QueryExecution.scala:717)
		at org.apache.spark.sql.execution.QueryExecution.org$apache$spark$sql$execution$QueryExecution$$eagerlyExecute$1(QueryExecution.scala:184)
		at org.apache.spark.sql.execution.QueryExecution$$anonfun$eagerlyExecuteCommands$3.applyOrElse(QueryExecution.scala:201)
		at org.apache.spark.sql.execution.QueryExecution$$anonfun$eagerlyExecuteCommands$3.applyOrElse(QueryExecution.scala:194)
		at org.apache.spark.sql.catalyst.trees.TreeNode.$anonfun$transformDownWithPruning$1(TreeNode.scala:491)
		at org.apache.spark.sql.catalyst.trees.CurrentOrigin$.withOrigin(origin.scala:107)
		at org.apache.spark.sql.catalyst.trees.TreeNode.transformDownWithPruning(TreeNode.scala:491)
		at org.apache.spark.sql.catalyst.plans.logical.LogicalPlan.org$apache$spark$sql$catalyst$plans$logical$AnalysisHelper$$super$transformDownWithPruning(LogicalPlan.scala:37)
		at org.apache.spark.sql.catalyst.plans.logical.AnalysisHelper.transformDownWithPruning(AnalysisHelper.scala:360)
		at org.apache.spark.sql.catalyst.plans.logical.AnalysisHelper.transformDownWithPruning$(AnalysisHelper.scala:356)
		at org.apache.spark.sql.catalyst.plans.logical.LogicalPlan.transformDownWithPruning(LogicalPlan.scala:37)
		at org.apache.spark.sql.catalyst.plans.logical.LogicalPlan.transformDownWithPruning(LogicalPlan.scala:37)
		at org.apache.spark.sql.catalyst.trees.TreeNode.transformDown(TreeNode.scala:467)
		at org.apache.spark.sql.execution.QueryExecution.eagerlyExecuteCommands(QueryExecution.scala:194)
		at org.apache.spark.sql.execution.QueryExecution.$anonfun$lazyCommandExecuted$1(QueryExecution.scala:155)
		at scala.util.Try$.apply(Try.scala:217)
		at org.apache.spark.util.Utils$.doTryWithCallerStacktrace(Utils.scala:1392)
		at org.apache.spark.util.LazyTry.tryT$lzycompute(LazyTry.scala:46)
		at org.apache.spark.util.LazyTry.tryT(LazyTry.scala:46)
		... 18 more

2026-05-17 08:45:27,817 - ERROR - ❌ Process stopped due to critical error
2026-05-17 08:45:27,850 - INFO - Closing down clientserver connection
2026-05-17 08:56:38,642 - INFO - 
==================================================
2026-05-17 08:56:38,643 - INFO - 🔷 Creating Spark Session
2026-05-17 08:56:38,643 - INFO - ===============================

2026-05-17 08:56:48,573 - ERROR - ❌ An unexpected error occurred: [JAVA_GATEWAY_EXITED] Java gateway process exited before sending its port number.
2026-05-17 09:00:29,045 - INFO - 
==================================================
2026-05-17 09:00:29,045 - INFO - 🔷 Creating Spark Session
2026-05-17 09:00:29,046 - INFO - ===============================

2026-05-17 09:00:54,029 - INFO - Spark Session created successfully.
2026-05-17 09:00:54,030 - INFO - 
==================================================
2026-05-17 09:00:54,030 - INFO - 🔷 Reading CSV file: dataset\fibbie_bank_transactions.csv
2026-05-17 09:00:54,031 - INFO - ===============================

2026-05-17 09:01:08,022 - INFO - CSV file 'dataset\fibbie_bank_transactions.csv' read into Spark DataFrame successfully.
2026-05-17 09:01:08,022 - INFO - ⏱️ Step completed in 38s

2026-05-17 09:01:08,388 - INFO - 
==================================================
2026-05-17 09:01:08,388 - INFO - 🔷 Handling Missing Values - Initial Count
2026-05-17 09:01:08,389 - INFO - ===============================

2026-05-17 09:01:35,084 - INFO - Nulls in 'transaction_date': 0
2026-05-17 09:01:35,085 - INFO - Nulls in 'amount': 0
2026-05-17 09:01:35,085 - INFO - Nulls in 'transaction_type': 0
2026-05-17 09:01:35,088 - INFO - Nulls in 'customer_name': 100425
2026-05-17 09:01:35,089 - INFO - Nulls in 'customer_address': 100087
2026-05-17 09:01:35,089 - INFO - Nulls in 'customer_city': 100034
2026-05-17 09:01:35,089 - INFO - Nulls in 'customer_state': 100009
2026-05-17 09:01:35,090 - INFO - Nulls in 'customer_country': 100672
2026-05-17 09:01:35,090 - INFO - Nulls in 'company': 100295
2026-05-17 09:01:35,091 - INFO - Nulls in 'job_title': 99924
2026-05-17 09:01:35,092 - INFO - Nulls in 'email': 100043
2026-05-17 09:01:35,092 - INFO - Nulls in 'phone_number': 100524
2026-05-17 09:01:35,093 - INFO - Nulls in 'credit_card_number': 100085
2026-05-17 09:01:35,094 - INFO - Nulls in 'iban': 100300
2026-05-17 09:01:35,094 - INFO - Nulls in 'currency_code': 99342
2026-05-17 09:01:35,095 - INFO - Nulls in 'random_number': 99913
2026-05-17 09:01:35,095 - INFO - Nulls in 'category': 100332
2026-05-17 09:01:35,096 - INFO - Nulls in 'group': 100209
2026-05-17 09:01:35,096 - INFO - Nulls in 'is_active': 100259
2026-05-17 09:01:35,096 - INFO - Nulls in 'last_updated': 100321
2026-05-17 09:01:35,097 - INFO - Nulls in 'description': 100403
2026-05-17 09:01:35,097 - INFO - Nulls in 'gender': 99767
2026-05-17 09:01:35,098 - INFO - Nulls in 'marital_status': 99904
2026-05-17 09:01:35,099 - INFO - 
==================================================
2026-05-17 09:01:35,100 - INFO - 🔷 Filling Missing Values
2026-05-17 09:01:35,101 - INFO - ===============================

2026-05-17 09:01:35,216 - INFO - Missing values filled with defaults.
2026-05-17 09:01:35,216 - INFO - 
==================================================
2026-05-17 09:01:35,217 - INFO - 🔷 Dropping Missing Values
2026-05-17 09:01:35,220 - INFO - ===============================

2026-05-17 09:01:37,530 - INFO - Dropped 100321 rows where 'last_updated' was null.
2026-05-17 09:01:37,530 - INFO - 
==================================================
2026-05-17 09:01:37,531 - INFO - 🔷 Handling Missing Values - After Filling & Dropping
2026-05-17 09:01:37,531 - INFO - ===============================

2026-05-17 09:01:44,304 - INFO - Nulls in 'transaction_date': 0
2026-05-17 09:01:44,304 - INFO - Nulls in 'amount': 0
2026-05-17 09:01:44,305 - INFO - Nulls in 'transaction_type': 0
2026-05-17 09:01:44,305 - INFO - Nulls in 'customer_name': 0
2026-05-17 09:01:44,306 - INFO - Nulls in 'customer_address': 0
2026-05-17 09:01:44,306 - INFO - Nulls in 'customer_city': 0
2026-05-17 09:01:44,307 - INFO - Nulls in 'customer_state': 0
2026-05-17 09:01:44,307 - INFO - Nulls in 'customer_country': 0
2026-05-17 09:01:44,308 - INFO - Nulls in 'company': 0
2026-05-17 09:01:44,308 - INFO - Nulls in 'job_title': 0
2026-05-17 09:01:44,309 - INFO - Nulls in 'email': 0
2026-05-17 09:01:44,310 - INFO - Nulls in 'phone_number': 0
2026-05-17 09:01:44,313 - INFO - Nulls in 'credit_card_number': 0
2026-05-17 09:01:44,314 - INFO - Nulls in 'iban': 0
2026-05-17 09:01:44,315 - INFO - Nulls in 'currency_code': 0
2026-05-17 09:01:44,315 - INFO - Nulls in 'random_number': 0
2026-05-17 09:01:44,316 - INFO - Nulls in 'category': 0
2026-05-17 09:01:44,317 - INFO - Nulls in 'group': 0
2026-05-17 09:01:44,321 - INFO - Nulls in 'is_active': 0
2026-05-17 09:01:44,321 - INFO - Nulls in 'last_updated': 0
2026-05-17 09:01:44,322 - INFO - Nulls in 'description': 0
2026-05-17 09:01:44,323 - INFO - Nulls in 'gender': 0
2026-05-17 09:01:44,324 - INFO - Nulls in 'marital_status': 0
2026-05-17 09:01:44,324 - INFO - 
==================================================
2026-05-17 09:01:44,325 - INFO - 🔷 Removing Duplicates
2026-05-17 09:01:44,325 - INFO - ===============================

2026-05-17 09:02:08,061 - INFO - Removed 0 duplicate rows.
2026-05-17 09:02:08,062 - INFO - ⏱️ Step completed in 59s

2026-05-17 09:02:08,063 - INFO - 
==================================================
2026-05-17 09:02:08,063 - INFO - 🔷 Creating dim_customer table
2026-05-17 09:02:08,064 - INFO - ===============================

2026-05-17 09:02:08,069 - INFO - ✅ Schema validation passed.
2026-05-17 09:02:09,611 - INFO - ✅ dim_customer table created with surrogate keys.
2026-05-17 09:02:09,620 - INFO - 
==================================================
2026-05-17 09:02:09,621 - INFO - 🔷 Creating dim_transaction table
2026-05-17 09:02:09,622 - INFO - ===============================

2026-05-17 09:02:09,625 - INFO - ✅ Schema validation passed.
2026-05-17 09:02:09,690 - INFO - ✅ dim_transaction table created with surrogate keys.
2026-05-17 09:02:09,700 - INFO - 
==================================================
2026-05-17 09:02:09,701 - INFO - 🔷 Creating dim_employee table
2026-05-17 09:02:09,702 - INFO - ===============================

2026-05-17 09:02:09,704 - INFO - ✅ Schema validation passed.
2026-05-17 09:02:09,753 - INFO - ✅ dim_employee table created with surrogate keys.
2026-05-17 09:02:09,759 - INFO - 
==================================================
2026-05-17 09:02:09,759 - INFO - 🔷 Creating fact_table table
2026-05-17 09:02:09,760 - INFO - ===============================

2026-05-17 09:02:10,742 - INFO - ✅ Schema validation passed.
2026-05-17 09:02:10,743 - INFO - ✅ fact_table created successfully with all required columns.
2026-05-17 09:02:10,750 - INFO - ⏱️ Step completed in 1m 41s

2026-05-17 09:02:11,569 - INFO - ✅ Database engine created
2026-05-17 09:02:12,233 - INFO - ✅ Schema analytics is ready
2026-05-17 09:02:12,234 - INFO - 
==================================================
2026-05-17 09:02:12,234 - INFO - 🔷 Loading dimension & fact tables — INCREMENTAL MODE
2026-05-17 09:02:12,234 - INFO - ===============================

2026-05-17 09:02:12,235 - INFO - 📥 Writing new data to temp table: analytics.temp_dim_customer
2026-05-17 09:03:05,791 - INFO - 🔍 Checking for new rows in analytics.dim_customer
2026-05-17 09:03:22,806 - INFO - ✅ Appended 899679 new rows to analytics.dim_customer
2026-05-17 09:03:22,966 - INFO - 📥 Writing new data to temp table: analytics.temp_dim_transaction
2026-05-17 09:04:08,287 - INFO - 🔍 Checking for new rows in analytics.dim_transaction
2026-05-17 09:04:08,294 - ERROR - ❌ Failed to process analytics.dim_transaction: (psycopg2.errors.DatatypeMismatch) column "amount" is of type numeric but expression is of type text
LINE 3:                     SELECT src.* 
                                   ^
HINT:  You will need to rewrite or cast the expression.

[SQL: 
                    INSERT INTO analytics.dim_transaction
                    SELECT src.* 
                    FROM analytics.temp_dim_transaction src
                    LEFT JOIN analytics.dim_transaction tgt 
                      ON tgt.transaction_id = src.transaction_id
                    WHERE tgt.transaction_id IS NULL
                ]
(Background on this error at: https://sqlalche.me/e/20/f405)
2026-05-17 09:04:08,294 - ERROR - ❌ Process stopped due to critical error
2026-05-17 09:04:08,353 - INFO - Closing down clientserver connection
2026-05-17 09:07:10,092 - INFO - 
==================================================
2026-05-17 09:07:10,094 - INFO - 🔷 Creating Spark Session
2026-05-17 09:07:10,095 - INFO - ===============================

2026-05-17 09:07:45,797 - INFO - Spark Session created successfully.
2026-05-17 09:07:45,798 - INFO - 
==================================================
2026-05-17 09:07:45,799 - INFO - 🔷 Reading CSV file: dataset\fibbie_bank_transactions.csv
2026-05-17 09:07:45,800 - INFO - ===============================

2026-05-17 09:08:03,223 - INFO - CSV file 'dataset\fibbie_bank_transactions.csv' read into Spark DataFrame successfully.
2026-05-17 09:08:03,225 - INFO - ⏱️ Step completed in 53s

2026-05-17 09:08:03,663 - INFO - 
==================================================
2026-05-17 09:08:03,664 - INFO - 🔷 Handling Missing Values - Initial Count
2026-05-17 09:08:03,665 - INFO - ===============================

2026-05-17 09:08:31,622 - INFO - Nulls in 'transaction_date': 0
2026-05-17 09:08:31,623 - INFO - Nulls in 'amount': 0
2026-05-17 09:08:31,623 - INFO - Nulls in 'transaction_type': 0
2026-05-17 09:08:31,623 - INFO - Nulls in 'customer_name': 100425
2026-05-17 09:08:31,624 - INFO - Nulls in 'customer_address': 100087
2026-05-17 09:08:31,625 - INFO - Nulls in 'customer_city': 100034
2026-05-17 09:08:31,625 - INFO - Nulls in 'customer_state': 100009
2026-05-17 09:08:31,626 - INFO - Nulls in 'customer_country': 100672
2026-05-17 09:08:31,626 - INFO - Nulls in 'company': 100295
2026-05-17 09:08:31,627 - INFO - Nulls in 'job_title': 99924
2026-05-17 09:08:31,627 - INFO - Nulls in 'email': 100043
2026-05-17 09:08:31,627 - INFO - Nulls in 'phone_number': 100524
2026-05-17 09:08:31,628 - INFO - Nulls in 'credit_card_number': 100085
2026-05-17 09:08:31,628 - INFO - Nulls in 'iban': 100300
2026-05-17 09:08:31,629 - INFO - Nulls in 'currency_code': 99342
2026-05-17 09:08:31,629 - INFO - Nulls in 'random_number': 99913
2026-05-17 09:08:31,630 - INFO - Nulls in 'category': 100332
2026-05-17 09:08:31,630 - INFO - Nulls in 'group': 100209
2026-05-17 09:08:31,631 - INFO - Nulls in 'is_active': 100259
2026-05-17 09:08:31,631 - INFO - Nulls in 'last_updated': 100321
2026-05-17 09:08:31,631 - INFO - Nulls in 'description': 100403
2026-05-17 09:08:31,632 - INFO - Nulls in 'gender': 99767
2026-05-17 09:08:31,632 - INFO - Nulls in 'marital_status': 99904
2026-05-17 09:08:31,632 - INFO - 
==================================================
2026-05-17 09:08:31,633 - INFO - 🔷 Filling Missing Values
2026-05-17 09:08:31,633 - INFO - ===============================

2026-05-17 09:08:31,736 - INFO - Missing values filled with defaults.
2026-05-17 09:08:31,736 - INFO - 
==================================================
2026-05-17 09:08:31,737 - INFO - 🔷 Dropping Missing Values
2026-05-17 09:08:31,737 - INFO - ===============================

2026-05-17 09:08:33,666 - INFO - Dropped 100321 rows where 'last_updated' was null.
2026-05-17 09:08:33,666 - INFO - 
==================================================
2026-05-17 09:08:33,666 - INFO - 🔷 Handling Missing Values - After Filling & Dropping
2026-05-17 09:08:33,667 - INFO - ===============================

2026-05-17 09:08:40,226 - INFO - Nulls in 'transaction_date': 0
2026-05-17 09:08:40,227 - INFO - Nulls in 'amount': 0
2026-05-17 09:08:40,227 - INFO - Nulls in 'transaction_type': 0
2026-05-17 09:08:40,228 - INFO - Nulls in 'customer_name': 0
2026-05-17 09:08:40,228 - INFO - Nulls in 'customer_address': 0
2026-05-17 09:08:40,228 - INFO - Nulls in 'customer_city': 0
2026-05-17 09:08:40,229 - INFO - Nulls in 'customer_state': 0
2026-05-17 09:08:40,229 - INFO - Nulls in 'customer_country': 0
2026-05-17 09:08:40,229 - INFO - Nulls in 'company': 0
2026-05-17 09:08:40,229 - INFO - Nulls in 'job_title': 0
2026-05-17 09:08:40,230 - INFO - Nulls in 'email': 0
2026-05-17 09:08:40,230 - INFO - Nulls in 'phone_number': 0
2026-05-17 09:08:40,230 - INFO - Nulls in 'credit_card_number': 0
2026-05-17 09:08:40,230 - INFO - Nulls in 'iban': 0
2026-05-17 09:08:40,230 - INFO - Nulls in 'currency_code': 0
2026-05-17 09:08:40,231 - INFO - Nulls in 'random_number': 0
2026-05-17 09:08:40,231 - INFO - Nulls in 'category': 0
2026-05-17 09:08:40,231 - INFO - Nulls in 'group': 0
2026-05-17 09:08:40,232 - INFO - Nulls in 'is_active': 0
2026-05-17 09:08:40,232 - INFO - Nulls in 'last_updated': 0
2026-05-17 09:08:40,232 - INFO - Nulls in 'description': 0
2026-05-17 09:08:40,233 - INFO - Nulls in 'gender': 0
2026-05-17 09:08:40,233 - INFO - Nulls in 'marital_status': 0
2026-05-17 09:08:40,233 - INFO - 
==================================================
2026-05-17 09:08:40,233 - INFO - 🔷 Removing Duplicates
2026-05-17 09:08:40,234 - INFO - ===============================

2026-05-17 09:08:53,254 - INFO - Removed 0 duplicate rows.
2026-05-17 09:08:53,255 - INFO - ⏱️ Step completed in 49s

2026-05-17 09:08:53,255 - INFO - 
==================================================
2026-05-17 09:08:53,258 - INFO - 🔷 Creating dim_customer table
2026-05-17 09:08:53,259 - INFO - ===============================

2026-05-17 09:08:53,265 - INFO - ✅ Schema validation passed.
2026-05-17 09:08:53,440 - INFO - ✅ dim_customer table created with surrogate keys.
2026-05-17 09:08:53,446 - INFO - 
==================================================
2026-05-17 09:08:53,447 - INFO - 🔷 Creating dim_transaction table
2026-05-17 09:08:53,447 - INFO - ===============================

2026-05-17 09:08:53,448 - INFO - ✅ Schema validation passed.
2026-05-17 09:08:53,487 - INFO - ✅ dim_transaction table created with surrogate keys.
2026-05-17 09:08:53,494 - INFO - 
==================================================
2026-05-17 09:08:53,494 - INFO - 🔷 Creating dim_employee table
2026-05-17 09:08:53,495 - INFO - ===============================

2026-05-17 09:08:53,495 - INFO - ✅ Schema validation passed.
2026-05-17 09:08:53,534 - INFO - ✅ dim_employee table created with surrogate keys.
2026-05-17 09:08:53,541 - INFO - 
==================================================
2026-05-17 09:08:53,542 - INFO - 🔷 Creating fact_table table
2026-05-17 09:08:53,543 - INFO - ===============================

2026-05-17 09:08:53,850 - INFO - ✅ Schema validation passed.
2026-05-17 09:08:53,853 - INFO - ✅ fact_table created successfully with all required columns.
2026-05-17 09:08:53,864 - INFO - ⏱️ Step completed in 1m 43s

2026-05-17 09:09:03,317 - INFO - ✅ Database engine created
2026-05-17 09:09:03,985 - INFO - ✅ Schema analytics is ready
2026-05-17 09:09:03,987 - INFO - 
==================================================
2026-05-17 09:09:03,988 - INFO - 🔷 Loading dimension & fact tables — INCREMENTAL MODE
2026-05-17 09:09:03,988 - INFO - ===============================

2026-05-17 09:09:03,990 - INFO - 📥 Writing new data to temp table: analytics.temp_dim_customer
2026-05-17 09:09:45,208 - INFO - 🔍 Checking for new rows in analytics.dim_customer
2026-05-17 09:10:07,648 - INFO - ✅ Appended 899679 new rows to analytics.dim_customer
2026-05-17 09:10:08,947 - INFO - 📥 Writing new data to temp table: analytics.temp_dim_transaction
2026-05-17 09:10:51,299 - INFO - 🔍 Checking for new rows in analytics.dim_transaction
2026-05-17 09:11:09,374 - INFO - ✅ Appended 899679 new rows to analytics.dim_transaction
2026-05-17 09:11:09,423 - INFO - 📥 Writing new data to temp table: analytics.temp_dim_employee
2026-05-17 09:11:47,014 - INFO - 🔍 Checking for new rows in analytics.dim_employee
2026-05-17 09:12:01,754 - INFO - ✅ Appended 899679 new rows to analytics.dim_employee
2026-05-17 09:12:02,905 - INFO - 📥 Writing new data to temp table: analytics.temp_fact_transactions
2026-05-17 09:17:17,106 - INFO - 🔍 Checking for new rows in analytics.fact_transactions
2026-05-17 10:00:30,075 - INFO - ✅ Appended 8128419 new rows to analytics.fact_transactions
2026-05-17 10:00:30,499 - INFO - 🎉 ALL TABLES LOADED SUCCESSFULLY — ONLY NEW DATA APPENDED
2026-05-17 10:00:30,510 - INFO - ⏱️ Step completed in 53m 20s

2026-05-17 10:00:32,462 - INFO - ✅ Spark session stopped successfully
2026-05-17 10:00:32,724 - INFO - Closing down clientserver connection
2026-05-17 10:21:58,355 - INFO - 
==================================================
2026-05-17 10:21:58,362 - INFO - 🔷 Creating Spark Session
2026-05-17 10:21:58,363 - INFO - ===============================

2026-05-17 10:22:55,128 - INFO - Spark Session created successfully.
2026-05-17 10:22:55,131 - INFO - 
==================================================
2026-05-17 10:22:55,132 - INFO - 🔷 Reading CSV file: dataset\fibbie_bank_transactions.csv
2026-05-17 10:22:55,134 - INFO - ===============================

2026-05-17 10:23:20,320 - INFO - CSV file 'dataset\fibbie_bank_transactions.csv' read into Spark DataFrame successfully.
2026-05-17 10:23:20,321 - INFO - ⏱️ Step completed in 1m 21s

2026-05-17 10:23:20,917 - INFO - 
==================================================
2026-05-17 10:23:20,918 - INFO - 🔷 Handling Missing Values - Initial Count
2026-05-17 10:23:20,919 - INFO - ===============================

2026-05-17 10:24:09,608 - INFO - Nulls in 'transaction_date': 0
2026-05-17 10:24:09,609 - INFO - Nulls in 'amount': 0
2026-05-17 10:24:09,610 - INFO - Nulls in 'transaction_type': 0
2026-05-17 10:24:09,611 - INFO - Nulls in 'customer_name': 100425
2026-05-17 10:24:09,612 - INFO - Nulls in 'customer_address': 100087
2026-05-17 10:24:09,612 - INFO - Nulls in 'customer_city': 100034
2026-05-17 10:24:09,613 - INFO - Nulls in 'customer_state': 100009
2026-05-17 10:24:09,613 - INFO - Nulls in 'customer_country': 100672
2026-05-17 10:24:09,614 - INFO - Nulls in 'company': 100295
2026-05-17 10:24:09,614 - INFO - Nulls in 'job_title': 99924
2026-05-17 10:24:09,615 - INFO - Nulls in 'email': 100043
2026-05-17 10:24:09,617 - INFO - Nulls in 'phone_number': 100524
2026-05-17 10:24:09,617 - INFO - Nulls in 'credit_card_number': 100085
2026-05-17 10:24:09,618 - INFO - Nulls in 'iban': 100300
2026-05-17 10:24:09,619 - INFO - Nulls in 'currency_code': 99342
2026-05-17 10:24:09,619 - INFO - Nulls in 'random_number': 99913
2026-05-17 10:24:09,622 - INFO - Nulls in 'category': 100332
2026-05-17 10:24:09,624 - INFO - Nulls in 'group': 100209
2026-05-17 10:24:09,626 - INFO - Nulls in 'is_active': 100259
2026-05-17 10:24:09,628 - INFO - Nulls in 'last_updated': 100321
2026-05-17 10:24:09,628 - INFO - Nulls in 'description': 100403
2026-05-17 10:24:09,629 - INFO - Nulls in 'gender': 99767
2026-05-17 10:24:09,630 - INFO - Nulls in 'marital_status': 99904
2026-05-17 10:24:09,630 - INFO - 
==================================================
2026-05-17 10:24:09,632 - INFO - 🔷 Filling Missing Values
2026-05-17 10:24:09,636 - INFO - ===============================

2026-05-17 10:24:09,833 - INFO - Missing values filled with defaults.
2026-05-17 10:24:09,834 - INFO - 
==================================================
2026-05-17 10:24:09,835 - INFO - 🔷 Dropping Missing Values
2026-05-17 10:24:09,836 - INFO - ===============================

2026-05-17 10:24:13,191 - INFO - Dropped 100321 rows where 'last_updated' was null.
2026-05-17 10:24:13,192 - INFO - 
==================================================
2026-05-17 10:24:13,192 - INFO - 🔷 Handling Missing Values - After Filling & Dropping
2026-05-17 10:24:13,193 - INFO - ===============================

2026-05-17 10:24:23,978 - INFO - Nulls in 'transaction_date': 0
2026-05-17 10:24:23,979 - INFO - Nulls in 'amount': 0
2026-05-17 10:24:23,980 - INFO - Nulls in 'transaction_type': 0
2026-05-17 10:24:23,980 - INFO - Nulls in 'customer_name': 0
2026-05-17 10:24:23,981 - INFO - Nulls in 'customer_address': 0
2026-05-17 10:24:23,981 - INFO - Nulls in 'customer_city': 0
2026-05-17 10:24:23,981 - INFO - Nulls in 'customer_state': 0
2026-05-17 10:24:23,982 - INFO - Nulls in 'customer_country': 0
2026-05-17 10:24:23,983 - INFO - Nulls in 'company': 0
2026-05-17 10:24:23,984 - INFO - Nulls in 'job_title': 0
2026-05-17 10:24:23,987 - INFO - Nulls in 'email': 0
2026-05-17 10:24:23,988 - INFO - Nulls in 'phone_number': 0
2026-05-17 10:24:23,989 - INFO - Nulls in 'credit_card_number': 0
2026-05-17 10:24:23,989 - INFO - Nulls in 'iban': 0
2026-05-17 10:24:23,990 - INFO - Nulls in 'currency_code': 0
2026-05-17 10:24:23,991 - INFO - Nulls in 'random_number': 0
2026-05-17 10:24:23,992 - INFO - Nulls in 'category': 0
2026-05-17 10:24:23,994 - INFO - Nulls in 'group': 0
2026-05-17 10:24:23,995 - INFO - Nulls in 'is_active': 0
2026-05-17 10:24:23,996 - INFO - Nulls in 'last_updated': 0
2026-05-17 10:24:23,996 - INFO - Nulls in 'description': 0
2026-05-17 10:24:23,997 - INFO - Nulls in 'gender': 0
2026-05-17 10:24:23,998 - INFO - Nulls in 'marital_status': 0
2026-05-17 10:24:23,998 - INFO - 
==================================================
2026-05-17 10:24:23,999 - INFO - 🔷 Removing Duplicates
2026-05-17 10:24:24,004 - INFO - ===============================

2026-05-17 10:24:52,616 - INFO - Removed 0 duplicate rows.
2026-05-17 10:24:52,617 - INFO - ⏱️ Step completed in 1m 31s

2026-05-17 10:24:52,617 - INFO - 
==================================================
2026-05-17 10:24:52,621 - INFO - 🔷 Creating dim_customer table
2026-05-17 10:24:52,622 - INFO - ===============================

2026-05-17 10:24:52,629 - INFO - ✅ Schema validation passed.
2026-05-17 10:24:53,634 - INFO - ✅ dim_customer table created with deterministic surrogate keys.
2026-05-17 10:24:53,644 - INFO - 
==================================================
2026-05-17 10:24:53,645 - INFO - 🔷 Creating dim_transaction table
2026-05-17 10:24:53,645 - INFO - ===============================

2026-05-17 10:24:53,645 - INFO - ✅ Schema validation passed.
2026-05-17 10:24:53,768 - INFO - ✅ dim_transaction table created with deterministic surrogate keys.
2026-05-17 10:24:53,970 - INFO - 
==================================================
2026-05-17 10:24:53,978 - INFO - 🔷 Creating dim_employee table
2026-05-17 10:24:53,981 - INFO - ===============================

2026-05-17 10:24:53,982 - INFO - ✅ Schema validation passed.
2026-05-17 10:24:54,176 - INFO - ✅ dim_employee table created with deterministic surrogate keys.
2026-05-17 10:24:54,188 - INFO - 
==================================================
2026-05-17 10:24:54,190 - INFO - 🔷 Creating fact_table table
2026-05-17 10:24:54,190 - INFO - ===============================

2026-05-17 10:24:56,507 - INFO - ✅ Schema validation passed.
2026-05-17 10:24:56,508 - INFO - ✅ fact_table created successfully with all required columns.
2026-05-17 10:24:56,526 - INFO - ⏱️ Step completed in 2m 58s

2026-05-17 10:24:58,198 - INFO - ✅ Database engine created
2026-05-17 10:24:58,895 - INFO - ✅ Schema analytics is ready
2026-05-17 10:24:58,895 - INFO - 
==================================================
2026-05-17 10:24:58,896 - INFO - 🔷 Loading dimension & fact tables — INCREMENTAL MODE
2026-05-17 10:24:58,896 - INFO - ===============================

2026-05-17 10:24:58,896 - INFO - 📥 Writing new data to temp table: analytics.temp_dim_customer
2026-05-17 10:25:46,830 - INFO - 🔍 Checking for new rows in analytics.dim_customer
2026-05-17 10:25:46,857 - ERROR - ❌ Failed to process analytics.dim_customer: (psycopg2.errors.UndefinedFunction) operator does not exist: bigint = text
LINE 6:                       ON tgt.customer_id = src.customer_id
                                                 ^
HINT:  No operator matches the given name and argument types. You might need to add explicit type casts.

[SQL: 
                    INSERT INTO analytics.dim_customer
                    SELECT src.* 
                    FROM analytics.temp_dim_customer src
                    LEFT JOIN analytics.dim_customer tgt 
                      ON tgt.customer_id = src.customer_id
                    WHERE tgt.customer_id IS NULL
                ]
(Background on this error at: https://sqlalche.me/e/20/f405)
2026-05-17 10:25:46,858 - ERROR - ❌ Process stopped due to critical error
2026-05-17 10:25:46,923 - INFO - Closing down clientserver connection
2026-05-17 10:46:49,322 - INFO - 
==================================================
2026-05-17 10:46:49,326 - INFO - 🔷 Creating Spark Session
2026-05-17 10:46:49,326 - INFO - ===============================

2026-05-17 10:47:13,223 - INFO - 
==================================================
2026-05-17 10:47:13,224 - INFO - 🔷 Creating Spark Session
2026-05-17 10:47:13,224 - INFO - ===============================

2026-05-17 10:47:48,256 - INFO - Spark Session created successfully.
2026-05-17 10:47:48,257 - INFO - 
==================================================
2026-05-17 10:47:48,257 - INFO - 🔷 Reading CSV file: dataset\fibbie_bank_transactions.csv
2026-05-17 10:47:48,258 - INFO - ===============================

2026-05-17 10:48:04,530 - INFO - CSV file 'dataset\fibbie_bank_transactions.csv' read into Spark DataFrame successfully.
2026-05-17 10:48:04,530 - INFO - ⏱️ Step completed in 51s

2026-05-17 10:48:05,104 - INFO - 
==================================================
2026-05-17 10:48:05,105 - INFO - 🔷 Handling Missing Values - Initial Count
2026-05-17 10:48:05,105 - INFO - ===============================

2026-05-17 10:48:44,769 - INFO - Nulls in 'transaction_date': 0
2026-05-17 10:48:44,770 - INFO - Nulls in 'amount': 0
2026-05-17 10:48:44,770 - INFO - Nulls in 'transaction_type': 0
2026-05-17 10:48:44,771 - INFO - Nulls in 'customer_name': 100425
2026-05-17 10:48:44,772 - INFO - Nulls in 'customer_address': 100087
2026-05-17 10:48:44,773 - INFO - Nulls in 'customer_city': 100034
2026-05-17 10:48:44,773 - INFO - Nulls in 'customer_state': 100009
2026-05-17 10:48:44,774 - INFO - Nulls in 'customer_country': 100672
2026-05-17 10:48:44,775 - INFO - Nulls in 'company': 100295
2026-05-17 10:48:44,776 - INFO - Nulls in 'job_title': 99924
2026-05-17 10:48:44,776 - INFO - Nulls in 'email': 100043
2026-05-17 10:48:44,777 - INFO - Nulls in 'phone_number': 100524
2026-05-17 10:48:44,777 - INFO - Nulls in 'credit_card_number': 100085
2026-05-17 10:48:44,778 - INFO - Nulls in 'iban': 100300
2026-05-17 10:48:44,778 - INFO - Nulls in 'currency_code': 99342
2026-05-17 10:48:44,779 - INFO - Nulls in 'random_number': 99913
2026-05-17 10:48:44,779 - INFO - Nulls in 'category': 100332
2026-05-17 10:48:44,780 - INFO - Nulls in 'group': 100209
2026-05-17 10:48:44,780 - INFO - Nulls in 'is_active': 100259
2026-05-17 10:48:44,780 - INFO - Nulls in 'last_updated': 100321
2026-05-17 10:48:44,781 - INFO - Nulls in 'description': 100403
2026-05-17 10:48:44,781 - INFO - Nulls in 'gender': 99767
2026-05-17 10:48:44,782 - INFO - Nulls in 'marital_status': 99904
2026-05-17 10:48:44,782 - INFO - 
==================================================
2026-05-17 10:48:44,782 - INFO - 🔷 Filling Missing Values
2026-05-17 10:48:44,783 - INFO - ===============================

2026-05-17 10:48:44,927 - INFO - Missing values filled with defaults.
2026-05-17 10:48:44,928 - INFO - 
==================================================
2026-05-17 10:48:44,928 - INFO - 🔷 Dropping Missing Values
2026-05-17 10:48:44,929 - INFO - ===============================

2026-05-17 10:48:47,499 - INFO - Dropped 100321 rows where 'last_updated' was null.
2026-05-17 10:48:47,499 - INFO - 
==================================================
2026-05-17 10:48:47,500 - INFO - 🔷 Casting 'amount' to NUMERIC(18,2)
2026-05-17 10:48:47,501 - INFO - ===============================

2026-05-17 10:48:52,985 - INFO - ✅ 'amount' cast to NUMERIC(18,2) cleanly.
2026-05-17 10:48:52,986 - INFO - 
==================================================
2026-05-17 10:48:52,988 - INFO - 🔷 Handling Missing Values - After Filling, Dropping & Casting
2026-05-17 10:48:52,991 - INFO - ===============================

2026-05-17 10:49:02,278 - INFO - Nulls in 'transaction_date': 0
2026-05-17 10:49:02,279 - INFO - Nulls in 'amount': 0
2026-05-17 10:49:02,279 - INFO - Nulls in 'transaction_type': 0
2026-05-17 10:49:02,280 - INFO - Nulls in 'customer_name': 0
2026-05-17 10:49:02,280 - INFO - Nulls in 'customer_address': 0
2026-05-17 10:49:02,280 - INFO - Nulls in 'customer_city': 0
2026-05-17 10:49:02,281 - INFO - Nulls in 'customer_state': 0
2026-05-17 10:49:02,281 - INFO - Nulls in 'customer_country': 0
2026-05-17 10:49:02,282 - INFO - Nulls in 'company': 0
2026-05-17 10:49:02,282 - INFO - Nulls in 'job_title': 0
2026-05-17 10:49:02,282 - INFO - Nulls in 'email': 0
2026-05-17 10:49:02,283 - INFO - Nulls in 'phone_number': 0
2026-05-17 10:49:02,283 - INFO - Nulls in 'credit_card_number': 0
2026-05-17 10:49:02,283 - INFO - Nulls in 'iban': 0
2026-05-17 10:49:02,283 - INFO - Nulls in 'currency_code': 0
2026-05-17 10:49:02,284 - INFO - Nulls in 'random_number': 0
2026-05-17 10:49:02,284 - INFO - Nulls in 'category': 0
2026-05-17 10:49:02,285 - INFO - Nulls in 'group': 0
2026-05-17 10:49:02,285 - INFO - Nulls in 'is_active': 0
2026-05-17 10:49:02,286 - INFO - Nulls in 'last_updated': 0
2026-05-17 10:49:02,286 - INFO - Nulls in 'description': 0
2026-05-17 10:49:02,286 - INFO - Nulls in 'gender': 0
2026-05-17 10:49:02,287 - INFO - Nulls in 'marital_status': 0
2026-05-17 10:49:02,288 - INFO - 
==================================================
2026-05-17 10:49:02,289 - INFO - 🔷 Removing Duplicates
2026-05-17 10:49:02,289 - INFO - ===============================

2026-05-17 10:49:33,075 - INFO - Removed 0 duplicate rows.
2026-05-17 10:49:33,076 - INFO - ⏱️ Step completed in 1m 27s

2026-05-17 10:49:33,078 - INFO - 
==================================================
2026-05-17 10:49:33,079 - INFO - 🔷 Creating dim_customer table
2026-05-17 10:49:33,079 - INFO - ===============================

2026-05-17 10:49:33,084 - INFO - ✅ Schema validation passed.
2026-05-17 10:49:33,498 - INFO - ✅ dim_customer table created with deterministic surrogate keys.
2026-05-17 10:49:33,509 - INFO - 
==================================================
2026-05-17 10:49:33,509 - INFO - 🔷 Creating dim_transaction table
2026-05-17 10:49:33,510 - INFO - ===============================

2026-05-17 10:49:33,510 - INFO - ✅ Schema validation passed.
2026-05-17 10:49:33,578 - INFO - ✅ dim_transaction table created with deterministic surrogate keys.
2026-05-17 10:49:33,585 - INFO - 
==================================================
2026-05-17 10:49:33,585 - INFO - 🔷 Creating dim_employee table
2026-05-17 10:49:33,586 - INFO - ===============================

2026-05-17 10:49:33,586 - INFO - ✅ Schema validation passed.
2026-05-17 10:49:33,658 - INFO - ✅ dim_employee table created with deterministic surrogate keys.
2026-05-17 10:49:33,668 - INFO - 
==================================================
2026-05-17 10:49:33,668 - INFO - 🔷 Creating fact_table table
2026-05-17 10:49:33,669 - INFO - ===============================

2026-05-17 10:49:34,164 - INFO - ✅ Schema validation passed.
2026-05-17 10:49:34,165 - INFO - ✅ fact_table created successfully with all required columns.
2026-05-17 10:49:34,181 - INFO - ⏱️ Step completed in 2m 20s

2026-05-17 10:49:34,753 - INFO - ✅ Database engine created
2026-05-17 10:49:36,775 - INFO - ✅ Schema analytics is ready
2026-05-17 10:49:36,776 - INFO - 
==================================================
2026-05-17 10:49:36,776 - INFO - 🔷 Loading dimension & fact tables — INCREMENTAL MODE
2026-05-17 10:49:36,777 - INFO - ===============================

2026-05-17 10:49:36,777 - INFO - 📥 Writing new data to temp table: analytics.temp_dim_customer
2026-05-17 10:50:18,382 - INFO - 🔍 Checking for new rows in analytics.dim_customer
2026-05-17 10:51:12,894 - INFO - ✅ Appended 899679 new rows to analytics.dim_customer
2026-05-17 10:51:14,246 - INFO - 📥 Writing new data to temp table: analytics.temp_dim_transaction
2026-05-17 10:51:48,617 - INFO - 🔍 Checking for new rows in analytics.dim_transaction
2026-05-17 10:51:48,629 - ERROR - ❌ Failed to process analytics.dim_transaction: (psycopg2.errors.DatatypeMismatch) column "amount" is of type numeric but expression is of type text
LINE 3:                 SELECT src.* 
                               ^
HINT:  You will need to rewrite or cast the expression.

[SQL: 
                INSERT INTO analytics.dim_transaction
                SELECT src.* 
                FROM analytics.temp_dim_transaction src
                LEFT JOIN analytics.dim_transaction tgt 
                  ON tgt.transaction_id = src.transaction_id
                WHERE tgt.transaction_id IS NULL
            ]
(Background on this error at: https://sqlalche.me/e/20/f405)
2026-05-17 10:51:48,630 - ERROR - ❌ Process stopped due to critical error
2026-05-17 10:51:48,707 - INFO - Closing down clientserver connection
2026-05-17 11:01:13,652 - INFO - 
==================================================
2026-05-17 11:01:13,653 - INFO - 🔷 Creating Spark Session
2026-05-17 11:01:13,654 - INFO - ===============================

2026-05-17 11:01:56,130 - INFO - Spark Session created successfully.
2026-05-17 11:01:56,131 - INFO - 
==================================================
2026-05-17 11:01:56,132 - INFO - 🔷 Reading CSV file: dataset\fibbie_bank_transactions.csv
2026-05-17 11:01:56,132 - INFO - ===============================

2026-05-17 11:02:15,211 - INFO - CSV file 'dataset\fibbie_bank_transactions.csv' read into Spark DataFrame successfully.
2026-05-17 11:02:15,212 - INFO - ⏱️ Step completed in 1m 1s

2026-05-17 11:02:15,744 - INFO - 
==================================================
2026-05-17 11:02:15,746 - INFO - 🔷 Handling Missing Values - Initial Count
2026-05-17 11:02:15,749 - INFO - ===============================

2026-05-17 11:02:55,503 - INFO - Nulls in 'transaction_date': 0
2026-05-17 11:02:55,504 - INFO - Nulls in 'amount': 0
2026-05-17 11:02:55,504 - INFO - Nulls in 'transaction_type': 0
2026-05-17 11:02:55,506 - INFO - Nulls in 'customer_name': 100425
2026-05-17 11:02:55,506 - INFO - Nulls in 'customer_address': 100087
2026-05-17 11:02:55,506 - INFO - Nulls in 'customer_city': 100034
2026-05-17 11:02:55,507 - INFO - Nulls in 'customer_state': 100009
2026-05-17 11:02:55,507 - INFO - Nulls in 'customer_country': 100672
2026-05-17 11:02:55,508 - INFO - Nulls in 'company': 100295
2026-05-17 11:02:55,508 - INFO - Nulls in 'job_title': 99924
2026-05-17 11:02:55,509 - INFO - Nulls in 'email': 100043
2026-05-17 11:02:55,509 - INFO - Nulls in 'phone_number': 100524
2026-05-17 11:02:55,510 - INFO - Nulls in 'credit_card_number': 100085
2026-05-17 11:02:55,510 - INFO - Nulls in 'iban': 100300
2026-05-17 11:02:55,511 - INFO - Nulls in 'currency_code': 99342
2026-05-17 11:02:55,511 - INFO - Nulls in 'random_number': 99913
2026-05-17 11:02:55,511 - INFO - Nulls in 'category': 100332
2026-05-17 11:02:55,512 - INFO - Nulls in 'group': 100209
2026-05-17 11:02:55,512 - INFO - Nulls in 'is_active': 100259
2026-05-17 11:02:55,513 - INFO - Nulls in 'last_updated': 100321
2026-05-17 11:02:55,513 - INFO - Nulls in 'description': 100403
2026-05-17 11:02:55,513 - INFO - Nulls in 'gender': 99767
2026-05-17 11:02:55,514 - INFO - Nulls in 'marital_status': 99904
2026-05-17 11:02:55,514 - INFO - 
==================================================
2026-05-17 11:02:55,514 - INFO - 🔷 Filling Missing Values
2026-05-17 11:02:55,515 - INFO - ===============================

2026-05-17 11:02:55,627 - INFO - Missing values filled with defaults.
2026-05-17 11:02:55,628 - INFO - 
==================================================
2026-05-17 11:02:55,628 - INFO - 🔷 Dropping Missing Values
2026-05-17 11:02:55,629 - INFO - ===============================

2026-05-17 11:02:58,194 - INFO - Dropped 100321 rows where 'last_updated' was null.
2026-05-17 11:02:58,195 - INFO - 
==================================================
2026-05-17 11:02:58,195 - INFO - 🔷 Casting 'amount' to NUMERIC(18,2)
2026-05-17 11:02:58,196 - INFO - ===============================

2026-05-17 11:03:03,378 - INFO - ✅ 'amount' cast to NUMERIC(18,2) cleanly.
2026-05-17 11:03:03,379 - INFO - 
==================================================
2026-05-17 11:03:03,379 - INFO - 🔷 Handling Missing Values - After Filling, Dropping & Casting
2026-05-17 11:03:03,380 - INFO - ===============================

2026-05-17 11:03:12,346 - INFO - Nulls in 'transaction_date': 0
2026-05-17 11:03:12,347 - INFO - Nulls in 'amount': 0
2026-05-17 11:03:12,348 - INFO - Nulls in 'transaction_type': 0
2026-05-17 11:03:12,348 - INFO - Nulls in 'customer_name': 0
2026-05-17 11:03:12,348 - INFO - Nulls in 'customer_address': 0
2026-05-17 11:03:12,349 - INFO - Nulls in 'customer_city': 0
2026-05-17 11:03:12,349 - INFO - Nulls in 'customer_state': 0
2026-05-17 11:03:12,349 - INFO - Nulls in 'customer_country': 0
2026-05-17 11:03:12,350 - INFO - Nulls in 'company': 0
2026-05-17 11:03:12,350 - INFO - Nulls in 'job_title': 0
2026-05-17 11:03:12,350 - INFO - Nulls in 'email': 0
2026-05-17 11:03:12,351 - INFO - Nulls in 'phone_number': 0
2026-05-17 11:03:12,351 - INFO - Nulls in 'credit_card_number': 0
2026-05-17 11:03:12,352 - INFO - Nulls in 'iban': 0
2026-05-17 11:03:12,352 - INFO - Nulls in 'currency_code': 0
2026-05-17 11:03:12,354 - INFO - Nulls in 'random_number': 0
2026-05-17 11:03:12,354 - INFO - Nulls in 'category': 0
2026-05-17 11:03:12,355 - INFO - Nulls in 'group': 0
2026-05-17 11:03:12,355 - INFO - Nulls in 'is_active': 0
2026-05-17 11:03:12,356 - INFO - Nulls in 'last_updated': 0
2026-05-17 11:03:12,356 - INFO - Nulls in 'description': 0
2026-05-17 11:03:12,356 - INFO - Nulls in 'gender': 0
2026-05-17 11:03:12,357 - INFO - Nulls in 'marital_status': 0
2026-05-17 11:03:12,358 - INFO - 
==================================================
2026-05-17 11:03:12,358 - INFO - 🔷 Removing Duplicates
2026-05-17 11:03:12,359 - INFO - ===============================

2026-05-17 11:03:36,803 - INFO - Removed 0 duplicate rows.
2026-05-17 11:03:36,804 - INFO - ⏱️ Step completed in 1m 21s

2026-05-17 11:03:36,804 - INFO - 
==================================================
2026-05-17 11:03:36,805 - INFO - 🔷 Creating dim_customer table
2026-05-17 11:03:36,808 - INFO - ===============================

2026-05-17 11:03:36,812 - INFO - ✅ Schema validation passed.
2026-05-17 11:03:37,179 - INFO - ✅ dim_customer table created with deterministic surrogate keys.
2026-05-17 11:03:37,200 - INFO - 
==================================================
2026-05-17 11:03:37,201 - INFO - 🔷 Creating dim_transaction table
2026-05-17 11:03:37,202 - INFO - ===============================

2026-05-17 11:03:37,203 - INFO - ✅ Schema validation passed.
2026-05-17 11:03:37,361 - INFO - ✅ dim_transaction table created with deterministic surrogate keys.
2026-05-17 11:03:37,382 - INFO - 
==================================================
2026-05-17 11:03:37,383 - INFO - 🔷 Creating dim_employee table
2026-05-17 11:03:37,384 - INFO - ===============================

2026-05-17 11:03:37,385 - INFO - ✅ Schema validation passed.
2026-05-17 11:03:37,502 - INFO - ✅ dim_employee table created with deterministic surrogate keys.
2026-05-17 11:03:37,513 - INFO - 
==================================================
2026-05-17 11:03:37,514 - INFO - 🔷 Creating fact_table table
2026-05-17 11:03:37,514 - INFO - ===============================

2026-05-17 11:03:42,218 - INFO - ✅ Schema validation passed.
2026-05-17 11:03:42,218 - INFO - ✅ fact_table created successfully with all required columns.
2026-05-17 11:03:42,234 - INFO - ⏱️ Step completed in 2m 28s

2026-05-17 11:03:42,608 - INFO - ✅ Database engine created
2026-05-17 11:03:42,864 - INFO - ✅ Schema analytics is ready
2026-05-17 11:03:42,864 - INFO - 
==================================================
2026-05-17 11:03:42,865 - INFO - 🔷 Loading dimension & fact tables — INCREMENTAL MODE
2026-05-17 11:03:42,865 - INFO - ===============================

2026-05-17 11:03:42,865 - INFO - 📥 Writing new data to temp table: analytics.temp_dim_customer
2026-05-17 11:04:22,658 - INFO - 🔍 Checking for new rows in analytics.dim_customer
2026-05-17 11:05:15,934 - INFO - ✅ Appended 899679 new rows to analytics.dim_customer
2026-05-17 11:05:17,293 - INFO - 📥 Writing new data to temp table: analytics.temp_dim_transaction
2026-05-17 11:05:54,596 - INFO - 🔍 Checking for new rows in analytics.dim_transaction
2026-05-17 11:05:54,612 - ERROR - ❌ Failed to process analytics.dim_transaction: (psycopg2.errors.DatatypeMismatch) column "amount" is of type numeric but expression is of type text
LINE 3:                 SELECT src.* 
                               ^
HINT:  You will need to rewrite or cast the expression.

[SQL: 
                INSERT INTO analytics.dim_transaction
                SELECT src.* 
                FROM analytics.temp_dim_transaction src
                LEFT JOIN analytics.dim_transaction tgt 
                  ON tgt.transaction_id = src.transaction_id
                WHERE tgt.transaction_id IS NULL
            ]
(Background on this error at: https://sqlalche.me/e/20/f405)
2026-05-17 11:05:54,612 - ERROR - ❌ Process stopped due to critical error
2026-05-17 11:05:54,747 - INFO - Closing down clientserver connection
2026-05-17 11:22:44,566 - INFO - 
==================================================
2026-05-17 11:22:44,567 - INFO - 🔷 Creating Spark Session
2026-05-17 11:22:44,568 - INFO - ===============================

2026-05-17 11:23:16,974 - INFO - Spark Session created successfully.
2026-05-17 11:23:16,974 - INFO - 
==================================================
2026-05-17 11:23:16,975 - INFO - 🔷 Reading CSV file: dataset\fibbie_bank_transactions.csv
2026-05-17 11:23:16,976 - INFO - ===============================

2026-05-17 11:23:31,667 - INFO - CSV file 'dataset\fibbie_bank_transactions.csv' read into Spark DataFrame successfully.
2026-05-17 11:23:31,667 - INFO - ⏱️ Step completed in 47s

2026-05-17 11:23:32,022 - INFO - 
==================================================
2026-05-17 11:23:32,023 - INFO - 🔷 Handling Missing Values - Initial Count
2026-05-17 11:23:32,023 - INFO - ===============================

2026-05-17 11:24:01,328 - INFO - Nulls in 'transaction_date': 0
2026-05-17 11:24:01,329 - INFO - Nulls in 'amount': 0
2026-05-17 11:24:01,330 - INFO - Nulls in 'transaction_type': 0
2026-05-17 11:24:01,330 - INFO - Nulls in 'customer_name': 100425
2026-05-17 11:24:01,331 - INFO - Nulls in 'customer_address': 100087
2026-05-17 11:24:01,331 - INFO - Nulls in 'customer_city': 100034
2026-05-17 11:24:01,332 - INFO - Nulls in 'customer_state': 100009
2026-05-17 11:24:01,332 - INFO - Nulls in 'customer_country': 100672
2026-05-17 11:24:01,333 - INFO - Nulls in 'company': 100295
2026-05-17 11:24:01,333 - INFO - Nulls in 'job_title': 99924
2026-05-17 11:24:01,334 - INFO - Nulls in 'email': 100043
2026-05-17 11:24:01,334 - INFO - Nulls in 'phone_number': 100524
2026-05-17 11:24:01,335 - INFO - Nulls in 'credit_card_number': 100085
2026-05-17 11:24:01,335 - INFO - Nulls in 'iban': 100300
2026-05-17 11:24:01,336 - INFO - Nulls in 'currency_code': 99342
2026-05-17 11:24:01,336 - INFO - Nulls in 'random_number': 99913
2026-05-17 11:24:01,337 - INFO - Nulls in 'category': 100332
2026-05-17 11:24:01,337 - INFO - Nulls in 'group': 100209
2026-05-17 11:24:01,337 - INFO - Nulls in 'is_active': 100259
2026-05-17 11:24:01,338 - INFO - Nulls in 'last_updated': 100321
2026-05-17 11:24:01,338 - INFO - Nulls in 'description': 100403
2026-05-17 11:24:01,339 - INFO - Nulls in 'gender': 99767
2026-05-17 11:24:01,339 - INFO - Nulls in 'marital_status': 99904
2026-05-17 11:24:01,340 - INFO - 
==================================================
2026-05-17 11:24:01,340 - INFO - 🔷 Filling Missing Values
2026-05-17 11:24:01,340 - INFO - ===============================

2026-05-17 11:24:01,455 - INFO - Missing values filled with defaults.
2026-05-17 11:24:01,455 - INFO - 
==================================================
2026-05-17 11:24:01,456 - INFO - 🔷 Dropping Missing Values
2026-05-17 11:24:01,456 - INFO - ===============================

2026-05-17 11:24:03,093 - INFO - Dropped 100321 rows where 'last_updated' was null.
2026-05-17 11:24:03,093 - INFO - 
==================================================
2026-05-17 11:24:03,094 - INFO - 🔷 Casting 'amount' to NUMERIC(18,2)
2026-05-17 11:24:03,094 - INFO - ===============================

2026-05-17 11:24:07,387 - INFO - ✅ 'amount' cast to NUMERIC(18,2) cleanly.
2026-05-17 11:24:07,388 - INFO - 
==================================================
2026-05-17 11:24:07,388 - INFO - 🔷 Handling Missing Values - After Filling, Dropping & Casting
2026-05-17 11:24:07,389 - INFO - ===============================

2026-05-17 11:24:14,289 - INFO - Nulls in 'transaction_date': 0
2026-05-17 11:24:14,290 - INFO - Nulls in 'amount': 0
2026-05-17 11:24:14,290 - INFO - Nulls in 'transaction_type': 0
2026-05-17 11:24:14,291 - INFO - Nulls in 'customer_name': 0
2026-05-17 11:24:14,291 - INFO - Nulls in 'customer_address': 0
2026-05-17 11:24:14,292 - INFO - Nulls in 'customer_city': 0
2026-05-17 11:24:14,292 - INFO - Nulls in 'customer_state': 0
2026-05-17 11:24:14,292 - INFO - Nulls in 'customer_country': 0
2026-05-17 11:24:14,293 - INFO - Nulls in 'company': 0
2026-05-17 11:24:14,293 - INFO - Nulls in 'job_title': 0
2026-05-17 11:24:14,293 - INFO - Nulls in 'email': 0
2026-05-17 11:24:14,294 - INFO - Nulls in 'phone_number': 0
2026-05-17 11:24:14,294 - INFO - Nulls in 'credit_card_number': 0
2026-05-17 11:24:14,294 - INFO - Nulls in 'iban': 0
2026-05-17 11:24:14,295 - INFO - Nulls in 'currency_code': 0
2026-05-17 11:24:14,295 - INFO - Nulls in 'random_number': 0
2026-05-17 11:24:14,295 - INFO - Nulls in 'category': 0
2026-05-17 11:24:14,296 - INFO - Nulls in 'group': 0
2026-05-17 11:24:14,296 - INFO - Nulls in 'is_active': 0
2026-05-17 11:24:14,297 - INFO - Nulls in 'last_updated': 0
2026-05-17 11:24:14,297 - INFO - Nulls in 'description': 0
2026-05-17 11:24:14,298 - INFO - Nulls in 'gender': 0
2026-05-17 11:24:14,339 - INFO - Nulls in 'marital_status': 0
2026-05-17 11:24:14,346 - INFO - 
==================================================
2026-05-17 11:24:14,349 - INFO - 🔷 Removing Duplicates
2026-05-17 11:24:14,353 - INFO - ===============================

2026-05-17 11:24:36,662 - INFO - Removed 0 duplicate rows.
2026-05-17 11:24:36,671 - INFO - ⏱️ Step completed in 1m 4s

2026-05-17 11:24:36,671 - INFO - 
==================================================
2026-05-17 11:24:36,672 - INFO - 🔷 Creating dim_customer table
2026-05-17 11:24:36,672 - INFO - ===============================

2026-05-17 11:24:36,676 - INFO - ✅ Schema validation passed.
2026-05-17 11:24:37,272 - INFO - ✅ dim_customer table created with deterministic surrogate keys.
2026-05-17 11:24:37,281 - INFO - 
==================================================
2026-05-17 11:24:37,282 - INFO - 🔷 Creating dim_transaction table
2026-05-17 11:24:37,282 - INFO - ===============================

2026-05-17 11:24:37,282 - INFO - ✅ Schema validation passed.
2026-05-17 11:24:38,364 - INFO - ✅ dim_transaction table created with deterministic surrogate keys.
2026-05-17 11:24:38,379 - INFO - 
==================================================
2026-05-17 11:24:38,381 - INFO - 🔷 Creating dim_employee table
2026-05-17 11:24:38,381 - INFO - ===============================

2026-05-17 11:24:38,385 - INFO - ✅ Schema validation passed.
2026-05-17 11:24:38,584 - INFO - ✅ dim_employee table created with deterministic surrogate keys.
2026-05-17 11:24:38,591 - INFO - 
==================================================
2026-05-17 11:24:38,592 - INFO - 🔷 Creating fact_table table
2026-05-17 11:24:38,592 - INFO - ===============================

2026-05-17 11:24:40,839 - INFO - ✅ Schema validation passed.
2026-05-17 11:24:40,840 - INFO - ✅ fact_table created successfully with all required columns.
2026-05-17 11:24:40,851 - INFO - ⏱️ Step completed in 1m 56s

2026-05-17 11:24:41,117 - INFO - ✅ Database engine created
2026-05-17 11:24:41,405 - INFO - ✅ Schema analytics is ready
2026-05-17 11:24:41,406 - INFO - 
==================================================
2026-05-17 11:24:41,406 - INFO - 🔷 Loading dimension & fact tables — INCREMENTAL MODE
2026-05-17 11:24:41,407 - INFO - ===============================

2026-05-17 11:24:41,407 - INFO - 📥 Writing new data to temp table: analytics.temp_dim_customer
2026-05-17 11:25:20,032 - INFO - 🔍 Checking for new rows in analytics.dim_customer
2026-05-17 11:25:26,369 - INFO - ℹ️ No new rows to insert — analytics.dim_customer is already up to date
2026-05-17 11:25:26,506 - INFO - 📥 Writing new data to temp table: analytics.temp_dim_transaction
2026-05-17 11:26:02,361 - INFO - 🔍 Checking for new rows in analytics.dim_transaction
2026-05-17 11:26:02,368 - ERROR - ❌ Failed to process analytics.dim_transaction: (psycopg2.errors.DatatypeMismatch) column "amount" is of type numeric but expression is of type text
LINE 3:                 SELECT src.* 
                               ^
HINT:  You will need to rewrite or cast the expression.

[SQL: 
                INSERT INTO analytics.dim_transaction
                SELECT src.* 
                FROM analytics.temp_dim_transaction src
                LEFT JOIN analytics.dim_transaction tgt 
                  ON tgt.transaction_id = src.transaction_id
                WHERE tgt.transaction_id IS NULL
            ]
(Background on this error at: https://sqlalche.me/e/20/f405)
2026-05-17 11:26:02,368 - ERROR - ❌ Process stopped due to critical error
2026-05-17 11:26:02,421 - INFO - Closing down clientserver connection
2026-05-17 11:26:53,130 - INFO - 
==================================================
2026-05-17 11:26:53,131 - INFO - 🔷 Creating Spark Session
2026-05-17 11:26:53,131 - INFO - ===============================

2026-05-17 11:27:27,721 - INFO - Spark Session created successfully.
2026-05-17 11:27:27,722 - INFO - 
==================================================
2026-05-17 11:27:27,723 - INFO - 🔷 Reading CSV file: dataset\fibbie_bank_transactions.csv
2026-05-17 11:27:27,724 - INFO - ===============================

2026-05-17 11:27:44,475 - INFO - CSV file 'dataset\fibbie_bank_transactions.csv' read into Spark DataFrame successfully.
2026-05-17 11:27:44,476 - INFO - ⏱️ Step completed in 51s

2026-05-17 11:27:44,790 - INFO - 
==================================================
2026-05-17 11:27:44,791 - INFO - 🔷 Handling Missing Values - Initial Count
2026-05-17 11:27:44,791 - INFO - ===============================

2026-05-17 11:28:12,722 - INFO - Nulls in 'transaction_date': 0
2026-05-17 11:28:12,722 - INFO - Nulls in 'amount': 0
2026-05-17 11:28:12,723 - INFO - Nulls in 'transaction_type': 0
2026-05-17 11:28:12,723 - INFO - Nulls in 'customer_name': 100425
2026-05-17 11:28:12,724 - INFO - Nulls in 'customer_address': 100087
2026-05-17 11:28:12,724 - INFO - Nulls in 'customer_city': 100034
2026-05-17 11:28:12,725 - INFO - Nulls in 'customer_state': 100009
2026-05-17 11:28:12,725 - INFO - Nulls in 'customer_country': 100672
2026-05-17 11:28:12,726 - INFO - Nulls in 'company': 100295
2026-05-17 11:28:12,726 - INFO - Nulls in 'job_title': 99924
2026-05-17 11:28:12,726 - INFO - Nulls in 'email': 100043
2026-05-17 11:28:12,727 - INFO - Nulls in 'phone_number': 100524
2026-05-17 11:28:12,727 - INFO - Nulls in 'credit_card_number': 100085
2026-05-17 11:28:12,727 - INFO - Nulls in 'iban': 100300
2026-05-17 11:28:12,728 - INFO - Nulls in 'currency_code': 99342
2026-05-17 11:28:12,728 - INFO - Nulls in 'random_number': 99913
2026-05-17 11:28:12,728 - INFO - Nulls in 'category': 100332
2026-05-17 11:28:12,729 - INFO - Nulls in 'group': 100209
2026-05-17 11:28:12,729 - INFO - Nulls in 'is_active': 100259
2026-05-17 11:28:12,729 - INFO - Nulls in 'last_updated': 100321
2026-05-17 11:28:12,730 - INFO - Nulls in 'description': 100403
2026-05-17 11:28:12,730 - INFO - Nulls in 'gender': 99767
2026-05-17 11:28:12,730 - INFO - Nulls in 'marital_status': 99904
2026-05-17 11:28:12,730 - INFO - 
==================================================
2026-05-17 11:28:12,731 - INFO - 🔷 Filling Missing Values
2026-05-17 11:28:12,731 - INFO - ===============================

2026-05-17 11:28:12,844 - INFO - Missing values filled with defaults.
2026-05-17 11:28:12,845 - INFO - 
==================================================
2026-05-17 11:28:12,845 - INFO - 🔷 Dropping Missing Values
2026-05-17 11:28:12,846 - INFO - ===============================

2026-05-17 11:28:14,740 - INFO - Dropped 100321 rows where 'last_updated' was null.
2026-05-17 11:28:14,740 - INFO - 
==================================================
2026-05-17 11:28:14,741 - INFO - 🔷 Casting 'amount' to NUMERIC(18,2)
2026-05-17 11:28:14,742 - INFO - ===============================

2026-05-17 11:28:19,367 - INFO - ✅ 'amount' cast to NUMERIC(18,2) cleanly.
2026-05-17 11:28:19,367 - INFO - 
==================================================
2026-05-17 11:28:19,368 - INFO - 🔷 Handling Missing Values - After Filling, Dropping & Casting
2026-05-17 11:28:19,370 - INFO - ===============================

2026-05-17 11:28:26,448 - INFO - Nulls in 'transaction_date': 0
2026-05-17 11:28:26,448 - INFO - Nulls in 'amount': 0
2026-05-17 11:28:26,448 - INFO - Nulls in 'transaction_type': 0
2026-05-17 11:28:26,449 - INFO - Nulls in 'customer_name': 0
2026-05-17 11:28:26,449 - INFO - Nulls in 'customer_address': 0
2026-05-17 11:28:26,449 - INFO - Nulls in 'customer_city': 0
2026-05-17 11:28:26,449 - INFO - Nulls in 'customer_state': 0
2026-05-17 11:28:26,450 - INFO - Nulls in 'customer_country': 0
2026-05-17 11:28:26,450 - INFO - Nulls in 'company': 0
2026-05-17 11:28:26,450 - INFO - Nulls in 'job_title': 0
2026-05-17 11:28:26,450 - INFO - Nulls in 'email': 0
2026-05-17 11:28:26,451 - INFO - Nulls in 'phone_number': 0
2026-05-17 11:28:26,451 - INFO - Nulls in 'credit_card_number': 0
2026-05-17 11:28:26,451 - INFO - Nulls in 'iban': 0
2026-05-17 11:28:26,451 - INFO - Nulls in 'currency_code': 0
2026-05-17 11:28:26,451 - INFO - Nulls in 'random_number': 0
2026-05-17 11:28:26,452 - INFO - Nulls in 'category': 0
2026-05-17 11:28:26,452 - INFO - Nulls in 'group': 0
2026-05-17 11:28:26,452 - INFO - Nulls in 'is_active': 0
2026-05-17 11:28:26,452 - INFO - Nulls in 'last_updated': 0
2026-05-17 11:28:26,452 - INFO - Nulls in 'description': 0
2026-05-17 11:28:26,452 - INFO - Nulls in 'gender': 0
2026-05-17 11:28:26,452 - INFO - Nulls in 'marital_status': 0
2026-05-17 11:28:26,452 - INFO - 
==================================================
2026-05-17 11:28:26,453 - INFO - 🔷 Removing Duplicates
2026-05-17 11:28:26,453 - INFO - ===============================

2026-05-17 11:28:53,497 - INFO - Removed 0 duplicate rows.
2026-05-17 11:28:53,498 - INFO - ⏱️ Step completed in 1m 8s

2026-05-17 11:28:53,498 - INFO - 
==================================================
2026-05-17 11:28:53,499 - INFO - 🔷 Creating dim_customer table
2026-05-17 11:28:53,499 - INFO - ===============================

2026-05-17 11:28:53,503 - INFO - ✅ Schema validation passed.
2026-05-17 11:28:53,606 - INFO - ✅ dim_customer table created with deterministic surrogate keys.
2026-05-17 11:28:53,610 - INFO - 
==================================================
2026-05-17 11:28:53,611 - INFO - 🔷 Creating dim_transaction table
2026-05-17 11:28:53,611 - INFO - ===============================

2026-05-17 11:28:53,611 - INFO - ✅ Schema validation passed.
2026-05-17 11:28:53,665 - INFO - ✅ dim_transaction table created with deterministic surrogate keys.
2026-05-17 11:28:53,669 - INFO - 
==================================================
2026-05-17 11:28:53,669 - INFO - 🔷 Creating dim_employee table
2026-05-17 11:28:53,670 - INFO - ===============================

2026-05-17 11:28:53,670 - INFO - ✅ Schema validation passed.
2026-05-17 11:28:53,717 - INFO - ✅ dim_employee table created with deterministic surrogate keys.
2026-05-17 11:28:53,721 - INFO - 
==================================================
2026-05-17 11:28:53,721 - INFO - 🔷 Creating fact_table table
2026-05-17 11:28:53,721 - INFO - ===============================

2026-05-17 11:28:53,997 - INFO - ✅ Schema validation passed.
2026-05-17 11:28:53,997 - INFO - ✅ fact_table created successfully with all required columns.
2026-05-17 11:28:54,007 - INFO - ⏱️ Step completed in 2m 0s

2026-05-17 11:28:54,906 - INFO - ✅ Database engine created
2026-05-17 11:28:55,228 - INFO - ✅ Schema analytics is ready
2026-05-17 11:28:55,228 - INFO - 
==================================================
2026-05-17 11:28:55,229 - INFO - 🔷 Loading dimension & fact tables — INCREMENTAL MODE
2026-05-17 11:28:55,229 - INFO - ===============================

2026-05-17 11:28:55,229 - INFO - 📥 Writing new data to temp table: analytics.temp_dim_customer
2026-05-17 11:29:26,279 - INFO - 🔍 Checking for new rows in analytics.dim_customer
2026-05-17 11:29:36,469 - INFO - ℹ️ No new rows to insert — analytics.dim_customer is already up to date
2026-05-17 11:29:36,619 - INFO - 📥 Writing new data to temp table: analytics.temp_dim_transaction
2026-05-17 11:30:11,966 - INFO - 🔍 Checking for new rows in analytics.dim_transaction
2026-05-17 11:30:11,982 - ERROR - ❌ Failed to process analytics.dim_transaction: (psycopg2.errors.DatatypeMismatch) column "amount" is of type numeric but expression is of type text
LINE 3:                 SELECT src.* 
                               ^
HINT:  You will need to rewrite or cast the expression.

[SQL: 
                INSERT INTO analytics.dim_transaction
                SELECT src.* 
                FROM analytics.temp_dim_transaction src
                LEFT JOIN analytics.dim_transaction tgt 
                  ON tgt.transaction_id = src.transaction_id
                WHERE tgt.transaction_id IS NULL
            ]
(Background on this error at: https://sqlalche.me/e/20/f405)
2026-05-17 11:30:11,983 - ERROR - ❌ Process stopped due to critical error
2026-05-17 11:30:12,082 - INFO - Closing down clientserver connection
2026-05-17 11:35:20,593 - INFO - 
==================================================
2026-05-17 11:35:20,593 - INFO - 🔷 Creating Spark Session
2026-05-17 11:35:20,593 - INFO - ===============================

2026-05-17 11:35:33,961 - INFO - Spark Session created successfully.
2026-05-17 11:35:33,962 - INFO - 
==================================================
2026-05-17 11:35:33,962 - INFO - 🔷 Reading CSV file: dataset\fibbie_bank_transactions.csv
2026-05-17 11:35:33,962 - INFO - ===============================

2026-05-17 11:35:40,513 - INFO - CSV file 'dataset\fibbie_bank_transactions.csv' read into Spark DataFrame successfully.
2026-05-17 11:35:40,513 - INFO - ⏱️ Step completed in 19s

2026-05-17 11:35:40,804 - INFO - 
==================================================
2026-05-17 11:35:40,804 - INFO - 🔷 Handling Missing Values - Initial Count
2026-05-17 11:35:40,805 - INFO - ===============================

2026-05-17 11:35:59,364 - INFO - Nulls in 'transaction_date': 0
2026-05-17 11:35:59,365 - INFO - Nulls in 'amount': 0
2026-05-17 11:35:59,365 - INFO - Nulls in 'transaction_type': 0
2026-05-17 11:35:59,365 - INFO - Nulls in 'customer_name': 100425
2026-05-17 11:35:59,366 - INFO - Nulls in 'customer_address': 100087
2026-05-17 11:35:59,366 - INFO - Nulls in 'customer_city': 100034
2026-05-17 11:35:59,366 - INFO - Nulls in 'customer_state': 100009
2026-05-17 11:35:59,367 - INFO - Nulls in 'customer_country': 100672
2026-05-17 11:35:59,367 - INFO - Nulls in 'company': 100295
2026-05-17 11:35:59,367 - INFO - Nulls in 'job_title': 99924
2026-05-17 11:35:59,367 - INFO - Nulls in 'email': 100043
2026-05-17 11:35:59,368 - INFO - Nulls in 'phone_number': 100524
2026-05-17 11:35:59,368 - INFO - Nulls in 'credit_card_number': 100085
2026-05-17 11:35:59,368 - INFO - Nulls in 'iban': 100300
2026-05-17 11:35:59,368 - INFO - Nulls in 'currency_code': 99342
2026-05-17 11:35:59,368 - INFO - Nulls in 'random_number': 99913
2026-05-17 11:35:59,369 - INFO - Nulls in 'category': 100332
2026-05-17 11:35:59,369 - INFO - Nulls in 'group': 100209
2026-05-17 11:35:59,369 - INFO - Nulls in 'is_active': 100259
2026-05-17 11:35:59,369 - INFO - Nulls in 'last_updated': 100321
2026-05-17 11:35:59,370 - INFO - Nulls in 'description': 100403
2026-05-17 11:35:59,370 - INFO - Nulls in 'gender': 99767
2026-05-17 11:35:59,371 - INFO - Nulls in 'marital_status': 99904
2026-05-17 11:35:59,371 - INFO - 
==================================================
2026-05-17 11:35:59,371 - INFO - 🔷 Filling Missing Values
2026-05-17 11:35:59,372 - INFO - ===============================

2026-05-17 11:35:59,450 - INFO - Missing values filled with defaults.
2026-05-17 11:35:59,451 - INFO - 
==================================================
2026-05-17 11:35:59,451 - INFO - 🔷 Dropping Missing Values
2026-05-17 11:35:59,452 - INFO - ===============================

2026-05-17 11:36:00,718 - INFO - Dropped 100321 rows where 'last_updated' was null.
2026-05-17 11:36:00,718 - INFO - 
==================================================
2026-05-17 11:36:00,718 - INFO - 🔷 Casting 'amount' to NUMERIC(18,2)
2026-05-17 11:36:00,719 - INFO - ===============================

2026-05-17 11:36:03,337 - INFO - ✅ 'amount' cast to NUMERIC(18,2) cleanly.
2026-05-17 11:36:03,337 - INFO - 
==================================================
2026-05-17 11:36:03,337 - INFO - 🔷 Handling Missing Values - After Filling, Dropping & Casting
2026-05-17 11:36:03,338 - INFO - ===============================

2026-05-17 11:36:08,571 - INFO - Nulls in 'transaction_date': 0
2026-05-17 11:36:08,572 - INFO - Nulls in 'amount': 0
2026-05-17 11:36:08,572 - INFO - Nulls in 'transaction_type': 0
2026-05-17 11:36:08,572 - INFO - Nulls in 'customer_name': 0
2026-05-17 11:36:08,572 - INFO - Nulls in 'customer_address': 0
2026-05-17 11:36:08,573 - INFO - Nulls in 'customer_city': 0
2026-05-17 11:36:08,573 - INFO - Nulls in 'customer_state': 0
2026-05-17 11:36:08,573 - INFO - Nulls in 'customer_country': 0
2026-05-17 11:36:08,573 - INFO - Nulls in 'company': 0
2026-05-17 11:36:08,573 - INFO - Nulls in 'job_title': 0
2026-05-17 11:36:08,574 - INFO - Nulls in 'email': 0
2026-05-17 11:36:08,574 - INFO - Nulls in 'phone_number': 0
2026-05-17 11:36:08,574 - INFO - Nulls in 'credit_card_number': 0
2026-05-17 11:36:08,574 - INFO - Nulls in 'iban': 0
2026-05-17 11:36:08,574 - INFO - Nulls in 'currency_code': 0
2026-05-17 11:36:08,575 - INFO - Nulls in 'random_number': 0
2026-05-17 11:36:08,575 - INFO - Nulls in 'category': 0
2026-05-17 11:36:08,575 - INFO - Nulls in 'group': 0
2026-05-17 11:36:08,575 - INFO - Nulls in 'is_active': 0
2026-05-17 11:36:08,575 - INFO - Nulls in 'last_updated': 0
2026-05-17 11:36:08,576 - INFO - Nulls in 'description': 0
2026-05-17 11:36:08,576 - INFO - Nulls in 'gender': 0
2026-05-17 11:36:08,576 - INFO - Nulls in 'marital_status': 0
2026-05-17 11:36:08,576 - INFO - 
==================================================
2026-05-17 11:36:08,577 - INFO - 🔷 Removing Duplicates
2026-05-17 11:36:08,577 - INFO - ===============================

2026-05-17 11:36:27,190 - INFO - Removed 0 duplicate rows.
2026-05-17 11:36:27,190 - INFO - ⏱️ Step completed in 46s

2026-05-17 11:36:27,190 - INFO - 
==================================================
2026-05-17 11:36:27,190 - INFO - 🔷 Creating dim_customer table
2026-05-17 11:36:27,192 - INFO - ===============================

2026-05-17 11:36:27,198 - INFO - ✅ Schema validation passed.
2026-05-17 11:36:27,379 - INFO - ✅ dim_customer table created.
2026-05-17 11:36:27,383 - INFO - 
==================================================
2026-05-17 11:36:27,383 - INFO - 🔷 Creating dim_transaction table
2026-05-17 11:36:27,383 - INFO - ===============================

2026-05-17 11:36:27,384 - INFO - ✅ Schema validation passed.
2026-05-17 11:36:27,446 - INFO - ✅ dim_transaction table created — amount is NUMERIC.
2026-05-17 11:36:27,451 - INFO - 
==================================================
2026-05-17 11:36:27,451 - INFO - 🔷 Creating dim_employee table
2026-05-17 11:36:27,451 - INFO - ===============================

2026-05-17 11:36:27,451 - INFO - ✅ Schema validation passed.
2026-05-17 11:36:27,500 - INFO - ✅ dim_employee table created.
2026-05-17 11:36:27,504 - INFO - 
==================================================
2026-05-17 11:36:27,504 - INFO - 🔷 Creating fact_table table
2026-05-17 11:36:27,505 - INFO - ===============================

2026-05-17 11:36:27,693 - INFO - ✅ Schema validation passed.
2026-05-17 11:36:27,693 - INFO - ✅ fact_table created successfully.
2026-05-17 11:36:27,700 - INFO - ⏱️ Step completed in 1m 7s

2026-05-17 11:36:27,953 - INFO - ✅ Database engine created
2026-05-17 11:36:28,084 - INFO - ✅ Schema analytics is ready
2026-05-17 11:36:28,085 - INFO - 
==================================================
2026-05-17 11:36:28,085 - INFO - 🔷 Loading dimension & fact tables — INCREMENTAL MODE
2026-05-17 11:36:28,085 - INFO - ===============================

2026-05-17 11:36:28,085 - INFO - 📥 Writing new data to temp table: analytics.temp_dim_customer
2026-05-17 11:37:03,179 - INFO - 🔍 Checking for new rows in analytics.dim_customer
2026-05-17 11:37:07,022 - INFO - ℹ️ No new rows to insert — analytics.dim_customer is already up to date
2026-05-17 11:37:11,121 - INFO - 📥 Writing new data to temp table: analytics.temp_dim_transaction
2026-05-17 11:37:37,738 - INFO - 🔍 Checking for new rows in analytics.dim_transaction
2026-05-17 11:38:08,923 - INFO - ✅ Appended 899679 new rows to analytics.dim_transaction
2026-05-17 11:38:09,987 - INFO - 📥 Writing new data to temp table: analytics.temp_dim_employee
2026-05-17 11:38:34,987 - INFO - 🔍 Checking for new rows in analytics.dim_employee
2026-05-17 11:39:06,100 - INFO - ✅ Appended 809052 new rows to analytics.dim_employee
2026-05-17 11:39:06,136 - INFO - 📥 Writing new data to temp table: analytics.temp_fact_transactions
2026-05-17 11:42:16,247 - INFO - 🔍 Checking for new rows in analytics.fact_transactions
2026-05-17 11:51:24,289 - INFO - ✅ Appended 899679 new rows to analytics.fact_transactions
2026-05-17 11:51:24,345 - INFO - 🎉 ALL TABLES LOADED SUCCESSFULLY — ONLY NEW DATA APPENDED
2026-05-17 11:51:24,345 - INFO - ⏱️ Step completed in 16m 3s

2026-05-17 11:51:25,313 - INFO - ✅ Spark session stopped successfully
2026-05-17 11:51:25,382 - INFO - Closing down clientserver connection
2026-05-17 11:54:40,512 - INFO - 
==================================================
2026-05-17 11:54:40,512 - INFO - 🔷 Creating Spark Session
2026-05-17 11:54:40,513 - INFO - ===============================

2026-05-17 11:55:34,140 - INFO - Spark Session created successfully.
2026-05-17 11:55:34,141 - INFO - 
==================================================
2026-05-17 11:55:34,142 - INFO - 🔷 Reading CSV file: dataset\fibbie_bank_transactions.csv
2026-05-17 11:55:34,142 - INFO - ===============================

2026-05-17 11:56:05,919 - INFO - CSV file 'dataset\fibbie_bank_transactions.csv' read into Spark DataFrame successfully.
2026-05-17 11:56:05,920 - INFO - ⏱️ Step completed in 1m 25s

2026-05-17 11:56:06,573 - INFO - 
==================================================
2026-05-17 11:56:06,580 - INFO - 🔷 Handling Missing Values - Initial Count
2026-05-17 11:56:06,581 - INFO - ===============================

2026-05-17 11:56:36,982 - INFO - Nulls in 'transaction_date': 0
2026-05-17 11:56:36,982 - INFO - Nulls in 'amount': 0
2026-05-17 11:56:36,983 - INFO - Nulls in 'transaction_type': 0
2026-05-17 11:56:36,983 - INFO - Nulls in 'customer_name': 100425
2026-05-17 11:56:36,984 - INFO - Nulls in 'customer_address': 100087
2026-05-17 11:56:36,984 - INFO - Nulls in 'customer_city': 100034
2026-05-17 11:56:36,985 - INFO - Nulls in 'customer_state': 100009
2026-05-17 11:56:36,985 - INFO - Nulls in 'customer_country': 100672
2026-05-17 11:56:36,986 - INFO - Nulls in 'company': 100295
2026-05-17 11:56:36,986 - INFO - Nulls in 'job_title': 99924
2026-05-17 11:56:36,986 - INFO - Nulls in 'email': 100043
2026-05-17 11:56:36,987 - INFO - Nulls in 'phone_number': 100524
2026-05-17 11:56:36,987 - INFO - Nulls in 'credit_card_number': 100085
2026-05-17 11:56:36,987 - INFO - Nulls in 'iban': 100300
2026-05-17 11:56:36,992 - INFO - Nulls in 'currency_code': 99342
2026-05-17 11:56:36,993 - INFO - Nulls in 'random_number': 99913
2026-05-17 11:56:36,993 - INFO - Nulls in 'category': 100332
2026-05-17 11:56:36,993 - INFO - Nulls in 'group': 100209
2026-05-17 11:56:36,994 - INFO - Nulls in 'is_active': 100259
2026-05-17 11:56:36,994 - INFO - Nulls in 'last_updated': 100321
2026-05-17 11:56:36,995 - INFO - Nulls in 'description': 100403
2026-05-17 11:56:36,995 - INFO - Nulls in 'gender': 99767
2026-05-17 11:56:36,995 - INFO - Nulls in 'marital_status': 99904
2026-05-17 11:56:36,996 - INFO - 
==================================================
2026-05-17 11:56:36,996 - INFO - 🔷 Filling Missing Values
2026-05-17 11:56:36,996 - INFO - ===============================

2026-05-17 11:56:37,160 - INFO - Missing values filled with defaults.
2026-05-17 11:56:37,161 - INFO - 
==================================================
2026-05-17 11:56:37,161 - INFO - 🔷 Dropping Missing Values
2026-05-17 11:56:37,162 - INFO - ===============================

2026-05-17 11:56:39,522 - INFO - Dropped 100321 rows where 'last_updated' was null.
2026-05-17 11:56:39,529 - INFO - 
==================================================
2026-05-17 11:56:39,533 - INFO - 🔷 Casting 'amount' to NUMERIC(18,2)
2026-05-17 11:56:39,534 - INFO - ===============================

2026-05-17 11:56:44,111 - INFO - ✅ 'amount' cast to NUMERIC(18,2) cleanly.
2026-05-17 11:56:44,361 - INFO - 
==================================================
2026-05-17 11:56:44,361 - INFO - 🔷 Handling Missing Values - After Filling, Dropping & Casting
2026-05-17 11:56:44,362 - INFO - ===============================

2026-05-17 11:56:52,440 - INFO - Nulls in 'transaction_date': 0
2026-05-17 11:56:52,440 - INFO - Nulls in 'amount': 0
2026-05-17 11:56:52,441 - INFO - Nulls in 'transaction_type': 0
2026-05-17 11:56:52,441 - INFO - Nulls in 'customer_name': 0
2026-05-17 11:56:52,442 - INFO - Nulls in 'customer_address': 0
2026-05-17 11:56:52,442 - INFO - Nulls in 'customer_city': 0
2026-05-17 11:56:52,442 - INFO - Nulls in 'customer_state': 0
2026-05-17 11:56:52,443 - INFO - Nulls in 'customer_country': 0
2026-05-17 11:56:52,443 - INFO - Nulls in 'company': 0
2026-05-17 11:56:52,444 - INFO - Nulls in 'job_title': 0
2026-05-17 11:56:52,444 - INFO - Nulls in 'email': 0
2026-05-17 11:56:52,445 - INFO - Nulls in 'phone_number': 0
2026-05-17 11:56:52,445 - INFO - Nulls in 'credit_card_number': 0
2026-05-17 11:56:52,445 - INFO - Nulls in 'iban': 0
2026-05-17 11:56:52,446 - INFO - Nulls in 'currency_code': 0
2026-05-17 11:56:52,447 - INFO - Nulls in 'random_number': 0
2026-05-17 11:56:52,447 - INFO - Nulls in 'category': 0
2026-05-17 11:56:52,448 - INFO - Nulls in 'group': 0
2026-05-17 11:56:52,449 - INFO - Nulls in 'is_active': 0
2026-05-17 11:56:52,449 - INFO - Nulls in 'last_updated': 0
2026-05-17 11:56:52,450 - INFO - Nulls in 'description': 0
2026-05-17 11:56:52,450 - INFO - Nulls in 'gender': 0
2026-05-17 11:56:52,451 - INFO - Nulls in 'marital_status': 0
2026-05-17 11:56:52,451 - INFO - 
==================================================
2026-05-17 11:56:52,452 - INFO - 🔷 Removing Duplicates
2026-05-17 11:56:52,453 - INFO - ===============================

2026-05-17 11:57:10,295 - INFO - Removed 0 duplicate rows.
2026-05-17 11:57:10,296 - INFO - ⏱️ Step completed in 1m 3s

2026-05-17 11:57:10,296 - INFO - 
==================================================
2026-05-17 11:57:10,296 - INFO - 🔷 Creating dim_customer table
2026-05-17 11:57:10,296 - INFO - ===============================

2026-05-17 11:57:10,299 - INFO - ✅ Schema validation passed.
2026-05-17 11:57:11,074 - INFO - ✅ dim_customer table created.
2026-05-17 11:57:11,084 - INFO - 
==================================================
2026-05-17 11:57:11,084 - INFO - 🔷 Creating dim_transaction table
2026-05-17 11:57:11,085 - INFO - ===============================

2026-05-17 11:57:11,085 - INFO - ✅ Schema validation passed.
2026-05-17 11:57:12,417 - INFO - ✅ dim_transaction table created — amount is NUMERIC.
2026-05-17 11:57:12,431 - INFO - 
==================================================
2026-05-17 11:57:12,432 - INFO - 🔷 Creating dim_employee table
2026-05-17 11:57:12,433 - INFO - ===============================

2026-05-17 11:57:12,434 - INFO - ✅ Schema validation passed.
2026-05-17 11:57:12,629 - INFO - ✅ dim_employee table created.
2026-05-17 11:57:12,642 - INFO - 
==================================================
2026-05-17 11:57:12,643 - INFO - 🔷 Creating fact_table table
2026-05-17 11:57:12,644 - INFO - ===============================

2026-05-17 11:57:17,572 - INFO - ✅ Schema validation passed.
2026-05-17 11:57:17,573 - INFO - ✅ fact_table created successfully.
2026-05-17 11:57:17,585 - INFO - ⏱️ Step completed in 2m 37s

2026-05-17 11:57:19,955 - INFO - ✅ Database engine created
2026-05-17 11:57:20,912 - INFO - ✅ Schema analytics is ready
2026-05-17 11:57:20,913 - INFO - 
==================================================
2026-05-17 11:57:20,914 - INFO - 🔷 Loading dimension & fact tables — INCREMENTAL MODE
2026-05-17 11:57:20,915 - INFO - ===============================

2026-05-17 11:57:20,917 - INFO - 📥 Writing new data to temp table: analytics.temp_dim_customer
2026-05-17 11:58:03,400 - INFO - 🔍 Checking for new rows in analytics.dim_customer
2026-05-17 11:58:11,038 - INFO - ℹ️ No new rows to insert — analytics.dim_customer is already up to date
2026-05-17 11:58:11,224 - INFO - 📥 Writing new data to temp table: analytics.temp_dim_transaction
2026-05-17 11:58:55,714 - INFO - 🔍 Checking for new rows in analytics.dim_transaction
2026-05-17 11:58:59,737 - INFO - ℹ️ No new rows to insert — analytics.dim_transaction is already up to date
2026-05-17 11:58:59,784 - INFO - 📥 Writing new data to temp table: analytics.temp_dim_employee
2026-05-17 11:59:35,292 - INFO - 🔍 Checking for new rows in analytics.dim_employee
2026-05-17 11:59:40,700 - INFO - ℹ️ No new rows to insert — analytics.dim_employee is already up to date
2026-05-17 11:59:44,126 - INFO - 📥 Writing new data to temp table: analytics.temp_fact_transactions
2026-05-17 12:04:44,209 - INFO - 🔍 Checking for new rows in analytics.fact_transactions
2026-05-17 12:05:05,127 - INFO - ℹ️ No new rows to insert — analytics.fact_transactions is already up to date
2026-05-17 12:05:05,284 - INFO - 🎉 ALL TABLES LOADED SUCCESSFULLY — ONLY NEW DATA APPENDED
2026-05-17 12:05:05,300 - INFO - ⏱️ Step completed in 10m 24s

2026-05-17 12:05:26,364 - INFO - ✅ Spark session stopped successfully
2026-05-17 12:05:28,372 - INFO - Closing down clientserver connection
2026-05-17 14:34:24,183 - INFO - 
==================================================
2026-05-17 14:34:24,187 - INFO - 🔷 Creating Spark Session
2026-05-17 14:34:24,188 - INFO - ===============================

2026-05-17 14:34:53,907 - INFO - Spark Session created successfully.
2026-05-17 14:34:53,908 - INFO - 
==================================================
2026-05-17 14:34:53,908 - INFO - 🔷 Reading CSV file: dataset\fibbie_bank_transactions.csv
2026-05-17 14:34:53,908 - INFO - ===============================

2026-05-17 14:35:14,131 - INFO - CSV file 'dataset\fibbie_bank_transactions.csv' read into Spark DataFrame successfully.
2026-05-17 14:35:14,131 - INFO - ⏱️ Step completed in 49s

2026-05-17 14:35:14,440 - INFO - 
==================================================
2026-05-17 14:35:14,440 - INFO - 🔷 Handling Missing Values - Initial Count
2026-05-17 14:35:14,441 - INFO - ===============================

2026-05-17 14:35:43,136 - INFO - Nulls in 'transaction_date': 0
2026-05-17 14:35:43,137 - INFO - Nulls in 'amount': 0
2026-05-17 14:35:43,138 - INFO - Nulls in 'transaction_type': 0
2026-05-17 14:35:43,138 - INFO - Nulls in 'customer_name': 100425
2026-05-17 14:35:43,138 - INFO - Nulls in 'customer_address': 100087
2026-05-17 14:35:43,139 - INFO - Nulls in 'customer_city': 100034
2026-05-17 14:35:43,139 - INFO - Nulls in 'customer_state': 100009
2026-05-17 14:35:43,139 - INFO - Nulls in 'customer_country': 100672
2026-05-17 14:35:43,141 - INFO - Nulls in 'company': 100295
2026-05-17 14:35:43,141 - INFO - Nulls in 'job_title': 99924
2026-05-17 14:35:43,142 - INFO - Nulls in 'email': 100043
2026-05-17 14:35:43,142 - INFO - Nulls in 'phone_number': 100524
2026-05-17 14:35:43,143 - INFO - Nulls in 'credit_card_number': 100085
2026-05-17 14:35:43,143 - INFO - Nulls in 'iban': 100300
2026-05-17 14:35:43,143 - INFO - Nulls in 'currency_code': 99342
2026-05-17 14:35:43,144 - INFO - Nulls in 'random_number': 99913
2026-05-17 14:35:43,146 - INFO - Nulls in 'category': 100332
2026-05-17 14:35:43,149 - INFO - Nulls in 'group': 100209
2026-05-17 14:35:43,149 - INFO - Nulls in 'is_active': 100259
2026-05-17 14:35:43,150 - INFO - Nulls in 'last_updated': 100321
2026-05-17 14:35:43,150 - INFO - Nulls in 'description': 100403
2026-05-17 14:35:43,151 - INFO - Nulls in 'gender': 99767
2026-05-17 14:35:43,151 - INFO - Nulls in 'marital_status': 99904
2026-05-17 14:35:43,152 - INFO - 
==================================================
2026-05-17 14:35:43,152 - INFO - 🔷 Filling Missing Values
2026-05-17 14:35:43,152 - INFO - ===============================

2026-05-17 14:35:43,274 - INFO - Missing values filled with defaults.
2026-05-17 14:35:43,275 - INFO - 
==================================================
2026-05-17 14:35:43,275 - INFO - 🔷 Dropping Missing Values
2026-05-17 14:35:43,276 - INFO - ===============================

2026-05-17 14:35:45,070 - INFO - Dropped 100321 rows where 'last_updated' was null.
2026-05-17 14:35:45,071 - INFO - 
==================================================
2026-05-17 14:35:45,071 - INFO - 🔷 Casting 'amount' to NUMERIC(18,2)
2026-05-17 14:35:45,072 - INFO - ===============================

2026-05-17 14:35:50,173 - INFO - ✅ 'amount' cast to NUMERIC(18,2) cleanly.
2026-05-17 14:35:50,608 - INFO - 
==================================================
2026-05-17 14:35:50,608 - INFO - 🔷 Handling Missing Values - After Filling, Dropping & Casting
2026-05-17 14:35:50,609 - INFO - ===============================

2026-05-17 14:35:58,167 - INFO - Nulls in 'transaction_date': 0
2026-05-17 14:35:58,167 - INFO - Nulls in 'amount': 0
2026-05-17 14:35:58,168 - INFO - Nulls in 'transaction_type': 0
2026-05-17 14:35:58,168 - INFO - Nulls in 'customer_name': 0
2026-05-17 14:35:58,169 - INFO - Nulls in 'customer_address': 0
2026-05-17 14:35:58,169 - INFO - Nulls in 'customer_city': 0
2026-05-17 14:35:58,170 - INFO - Nulls in 'customer_state': 0
2026-05-17 14:35:58,170 - INFO - Nulls in 'customer_country': 0
2026-05-17 14:35:58,171 - INFO - Nulls in 'company': 0
2026-05-17 14:35:58,172 - INFO - Nulls in 'job_title': 0
2026-05-17 14:35:58,172 - INFO - Nulls in 'email': 0
2026-05-17 14:35:58,173 - INFO - Nulls in 'phone_number': 0
2026-05-17 14:35:58,173 - INFO - Nulls in 'credit_card_number': 0
2026-05-17 14:35:58,174 - INFO - Nulls in 'iban': 0
2026-05-17 14:35:58,174 - INFO - Nulls in 'currency_code': 0
2026-05-17 14:35:58,175 - INFO - Nulls in 'random_number': 0
2026-05-17 14:35:58,176 - INFO - Nulls in 'category': 0
2026-05-17 14:35:58,177 - INFO - Nulls in 'group': 0
2026-05-17 14:35:58,177 - INFO - Nulls in 'is_active': 0
2026-05-17 14:35:58,178 - INFO - Nulls in 'last_updated': 0
2026-05-17 14:35:58,179 - INFO - Nulls in 'description': 0
2026-05-17 14:35:58,179 - INFO - Nulls in 'gender': 0
2026-05-17 14:35:58,180 - INFO - Nulls in 'marital_status': 0
2026-05-17 14:35:58,181 - INFO - 
==================================================
2026-05-17 14:35:58,182 - INFO - 🔷 Removing Duplicates
2026-05-17 14:35:58,183 - INFO - ===============================

2026-05-17 14:36:23,989 - INFO - Removed 0 duplicate rows.
2026-05-17 14:36:23,990 - INFO - ⏱️ Step completed in 1m 9s

2026-05-17 14:36:23,993 - INFO - 
==================================================
2026-05-17 14:36:23,996 - INFO - 🔷 Creating dim_date table
2026-05-17 14:36:24,001 - INFO - ===============================

2026-05-17 14:36:24,406 - INFO - ✅ dim_date table created.
2026-05-17 14:36:24,611 - INFO - 
==================================================
2026-05-17 14:36:24,611 - INFO - 🔷 Creating dim_customer table
2026-05-17 14:36:24,612 - INFO - ===============================

2026-05-17 14:36:24,616 - INFO - ✅ Schema validation passed.
2026-05-17 14:36:24,767 - INFO - ✅ dim_customer table created.
2026-05-17 14:36:24,775 - INFO - 
==================================================
2026-05-17 14:36:24,775 - INFO - 🔷 Creating dim_transaction table
2026-05-17 14:36:24,776 - INFO - ===============================

2026-05-17 14:36:24,776 - INFO - ✅ Schema validation passed.
2026-05-17 14:36:25,751 - INFO - ✅ dim_transaction table created — amount is NUMERIC.
2026-05-17 14:36:25,762 - INFO - 
==================================================
2026-05-17 14:36:25,762 - INFO - 🔷 Creating dim_employee table
2026-05-17 14:36:25,763 - INFO - ===============================

2026-05-17 14:36:25,763 - INFO - ✅ Schema validation passed.
2026-05-17 14:36:25,858 - INFO - ✅ dim_employee table created.
2026-05-17 14:36:25,866 - INFO - 
==================================================
2026-05-17 14:36:25,866 - INFO - 🔷 Creating fact_table table
2026-05-17 14:36:25,867 - INFO - ===============================

2026-05-17 14:36:26,350 - ERROR - ❌ An unexpected error occurred: [UNRESOLVED_USING_COLUMN_FOR_JOIN] USING column `transaction_id` cannot be resolved on the left side of the join. The left-side columns: [`amount`, `category`, `company`, `credit_card_number`, `currency_code`, `customer_address`, `customer_city`, `customer_country`, `customer_id`, `customer_name`, `customer_state`, `description`, `email`, `gender`, `group`, `iban`, `is_active`, `job_title`, `last_updated`, `marital_status`, `phone_number`, `random_number`, `transaction_date`, `transaction_type`]. SQLSTATE: 42703
2026-05-17 14:36:26,383 - INFO - Closing down clientserver connection
2026-05-17 14:40:09,268 - INFO - 
==================================================
2026-05-17 14:40:09,268 - INFO - 🔷 Creating Spark Session
2026-05-17 14:40:09,269 - INFO - ===============================

2026-05-17 14:40:27,835 - INFO - Spark Session created successfully.
2026-05-17 14:40:27,835 - INFO - 
==================================================
2026-05-17 14:40:27,835 - INFO - 🔷 Reading CSV file: dataset\fibbie_bank_transactions.csv
2026-05-17 14:40:27,835 - INFO - ===============================

2026-05-17 14:40:38,628 - INFO - CSV file 'dataset\fibbie_bank_transactions.csv' read into Spark DataFrame successfully.
2026-05-17 14:40:38,628 - INFO - ⏱️ Step completed in 29s

2026-05-17 14:40:38,928 - INFO - 
==================================================
2026-05-17 14:40:38,928 - INFO - 🔷 Handling Missing Values - Initial Count
2026-05-17 14:40:38,928 - INFO - ===============================

2026-05-17 14:41:04,633 - INFO - Nulls in 'transaction_date': 0
2026-05-17 14:41:04,633 - INFO - Nulls in 'amount': 0
2026-05-17 14:41:04,633 - INFO - Nulls in 'transaction_type': 0
2026-05-17 14:41:04,634 - INFO - Nulls in 'customer_name': 100425
2026-05-17 14:41:04,634 - INFO - Nulls in 'customer_address': 100087
2026-05-17 14:41:04,634 - INFO - Nulls in 'customer_city': 100034
2026-05-17 14:41:04,635 - INFO - Nulls in 'customer_state': 100009
2026-05-17 14:41:04,635 - INFO - Nulls in 'customer_country': 100672
2026-05-17 14:41:04,635 - INFO - Nulls in 'company': 100295
2026-05-17 14:41:04,635 - INFO - Nulls in 'job_title': 99924
2026-05-17 14:41:04,636 - INFO - Nulls in 'email': 100043
2026-05-17 14:41:04,636 - INFO - Nulls in 'phone_number': 100524
2026-05-17 14:41:04,636 - INFO - Nulls in 'credit_card_number': 100085
2026-05-17 14:41:04,636 - INFO - Nulls in 'iban': 100300
2026-05-17 14:41:04,636 - INFO - Nulls in 'currency_code': 99342
2026-05-17 14:41:04,637 - INFO - Nulls in 'random_number': 99913
2026-05-17 14:41:04,637 - INFO - Nulls in 'category': 100332
2026-05-17 14:41:04,637 - INFO - Nulls in 'group': 100209
2026-05-17 14:41:04,637 - INFO - Nulls in 'is_active': 100259
2026-05-17 14:41:04,638 - INFO - Nulls in 'last_updated': 100321
2026-05-17 14:41:04,638 - INFO - Nulls in 'description': 100403
2026-05-17 14:41:04,638 - INFO - Nulls in 'gender': 99767
2026-05-17 14:41:04,638 - INFO - Nulls in 'marital_status': 99904
2026-05-17 14:41:04,638 - INFO - 
==================================================
2026-05-17 14:41:04,639 - INFO - 🔷 Filling Missing Values
2026-05-17 14:41:04,639 - INFO - ===============================

2026-05-17 14:41:04,768 - INFO - Missing values filled with defaults.
2026-05-17 14:41:04,768 - INFO - 
==================================================
2026-05-17 14:41:04,769 - INFO - 🔷 Dropping Missing Values
2026-05-17 14:41:04,770 - INFO - ===============================

2026-05-17 14:41:06,540 - INFO - Dropped 100321 rows where 'last_updated' was null.
2026-05-17 14:41:06,540 - INFO - 
==================================================
2026-05-17 14:41:06,541 - INFO - 🔷 Casting 'amount' to NUMERIC(18,2)
2026-05-17 14:41:06,541 - INFO - ===============================

2026-05-17 14:41:11,110 - INFO - ✅ 'amount' cast to NUMERIC(18,2) cleanly.
2026-05-17 14:41:11,111 - INFO - 
==================================================
2026-05-17 14:41:11,111 - INFO - 🔷 Handling Missing Values - After Filling, Dropping & Casting
2026-05-17 14:41:11,111 - INFO - ===============================

2026-05-17 14:41:17,891 - INFO - Nulls in 'transaction_date': 0
2026-05-17 14:41:17,891 - INFO - Nulls in 'amount': 0
2026-05-17 14:41:17,892 - INFO - Nulls in 'transaction_type': 0
2026-05-17 14:41:17,892 - INFO - Nulls in 'customer_name': 0
2026-05-17 14:41:17,892 - INFO - Nulls in 'customer_address': 0
2026-05-17 14:41:17,892 - INFO - Nulls in 'customer_city': 0
2026-05-17 14:41:17,893 - INFO - Nulls in 'customer_state': 0
2026-05-17 14:41:17,893 - INFO - Nulls in 'customer_country': 0
2026-05-17 14:41:17,893 - INFO - Nulls in 'company': 0
2026-05-17 14:41:17,894 - INFO - Nulls in 'job_title': 0
2026-05-17 14:41:17,894 - INFO - Nulls in 'email': 0
2026-05-17 14:41:17,894 - INFO - Nulls in 'phone_number': 0
2026-05-17 14:41:17,894 - INFO - Nulls in 'credit_card_number': 0
2026-05-17 14:41:17,895 - INFO - Nulls in 'iban': 0
2026-05-17 14:41:17,895 - INFO - Nulls in 'currency_code': 0
2026-05-17 14:41:17,895 - INFO - Nulls in 'random_number': 0
2026-05-17 14:41:17,895 - INFO - Nulls in 'category': 0
2026-05-17 14:41:17,896 - INFO - Nulls in 'group': 0
2026-05-17 14:41:17,896 - INFO - Nulls in 'is_active': 0
2026-05-17 14:41:17,896 - INFO - Nulls in 'last_updated': 0
2026-05-17 14:41:17,897 - INFO - Nulls in 'description': 0
2026-05-17 14:41:17,897 - INFO - Nulls in 'gender': 0
2026-05-17 14:41:17,898 - INFO - Nulls in 'marital_status': 0
2026-05-17 14:41:17,898 - INFO - 
==================================================
2026-05-17 14:41:17,898 - INFO - 🔷 Removing Duplicates
2026-05-17 14:41:17,898 - INFO - ===============================

2026-05-17 14:41:40,890 - INFO - Removed 0 duplicate rows.
2026-05-17 14:41:40,891 - INFO - ⏱️ Step completed in 1m 1s

2026-05-17 14:41:40,891 - INFO - 
==================================================
2026-05-17 14:41:40,891 - INFO - 🔷 Creating dim_date table
2026-05-17 14:41:40,892 - INFO - ===============================

2026-05-17 14:41:41,076 - INFO - ✅ dim_date table created.
2026-05-17 14:41:41,082 - INFO - 
==================================================
2026-05-17 14:41:41,082 - INFO - 🔷 Creating dim_customer table
2026-05-17 14:41:41,082 - INFO - ===============================

2026-05-17 14:41:41,084 - INFO - ✅ Schema validation passed.
2026-05-17 14:41:41,715 - INFO - ✅ dim_customer table created.
2026-05-17 14:41:41,720 - INFO - 
==================================================
2026-05-17 14:41:41,720 - INFO - 🔷 Creating dim_transaction table
2026-05-17 14:41:41,721 - INFO - ===============================

2026-05-17 14:41:41,721 - INFO - ✅ Schema validation passed.
2026-05-17 14:41:42,435 - INFO - ✅ dim_transaction table created — amount is NUMERIC.
2026-05-17 14:41:42,445 - INFO - 
==================================================
2026-05-17 14:41:42,445 - INFO - 🔷 Creating dim_employee table
2026-05-17 14:41:42,447 - INFO - ===============================

2026-05-17 14:41:42,448 - INFO - ✅ Schema validation passed.
2026-05-17 14:41:42,523 - INFO - ✅ dim_employee table created.
2026-05-17 14:41:42,531 - INFO - 
==================================================
2026-05-17 14:41:42,532 - INFO - 🔷 Creating fact_table table
2026-05-17 14:41:42,534 - INFO - ===============================

2026-05-17 14:41:42,767 - INFO - ✅ Schema validation passed.
2026-05-17 14:41:42,770 - INFO - ✅ fact_table created successfully.
2026-05-17 14:41:42,783 - INFO - ⏱️ Step completed in 1m 33s

2026-05-17 14:41:43,031 - INFO - ✅ Database engine created
2026-05-17 14:41:43,421 - INFO - ✅ Schema analytics is ready
2026-05-17 14:41:43,422 - INFO - 
==================================================
2026-05-17 14:41:43,423 - INFO - 🔷 Loading dimension & fact tables — INCREMENTAL MODE
2026-05-17 14:41:43,423 - INFO - ===============================

2026-05-17 14:41:43,424 - INFO - 📥 Writing new data to temp table: analytics.temp_dim_date
2026-05-17 14:41:49,139 - INFO - 🔍 Checking for new rows in analytics.dim_date
2026-05-17 14:41:49,155 - INFO - ✅ Appended 121 new rows to analytics.dim_date
2026-05-17 14:41:49,183 - INFO - 📥 Writing new data to temp table: analytics.temp_dim_customer
2026-05-17 14:42:36,825 - INFO - 🔍 Checking for new rows in analytics.dim_customer
2026-05-17 14:43:00,234 - INFO - ✅ Appended 899679 new rows to analytics.dim_customer
2026-05-17 14:43:01,355 - INFO - 📥 Writing new data to temp table: analytics.temp_dim_transaction
2026-05-17 14:43:58,439 - INFO - 🔍 Checking for new rows in analytics.dim_transaction
2026-05-17 14:43:58,491 - ERROR - ❌ Failed to process analytics.dim_transaction: (psycopg2.errors.NotNullViolation) null value in column "date_key" of relation "dim_transaction" violates not-null constraint
DETAIL:  Failing row contains (000026511b3ade8646f8d77520ac740c3989031578681f068685737c89a8ba6a, 2024-04-12 23:57:50.41076, null, Withdrawal, 367.76).

[SQL: 
                    INSERT INTO analytics.dim_transaction 
                        (transaction_id, transaction_date, date_key, transaction_type, amount)
                    SELECT 
                        src.transaction_id,
                        src.transaction_date,
                        src.date_key,
                        src.transaction_type,
                        src.amount::NUMERIC
                    FROM analytics.temp_dim_transaction src
                    LEFT JOIN analytics.dim_transaction tgt 
                      ON tgt.transaction_id = src.transaction_id
                    WHERE tgt.transaction_id IS NULL
                ]
(Background on this error at: https://sqlalche.me/e/20/gkpj)
2026-05-17 14:43:58,507 - ERROR - ❌ Process stopped due to critical error
2026-05-17 14:43:58,854 - INFO - Closing down clientserver connection
2026-05-17 14:53:12,198 - INFO - 
==================================================
2026-05-17 14:53:12,198 - INFO - 🔷 Creating Spark Session
2026-05-17 14:53:12,198 - INFO - ===============================

2026-05-17 14:53:27,588 - INFO - Spark Session created successfully.
2026-05-17 14:53:27,588 - INFO - 
==================================================
2026-05-17 14:53:27,589 - INFO - 🔷 Reading CSV file: dataset\fibbie_bank_transactions.csv
2026-05-17 14:53:27,589 - INFO - ===============================

2026-05-17 14:53:37,022 - INFO - CSV file 'dataset\fibbie_bank_transactions.csv' read into Spark DataFrame successfully.
2026-05-17 14:53:37,023 - INFO - ⏱️ Step completed in 24s

2026-05-17 14:53:37,251 - INFO - 
==================================================
2026-05-17 14:53:37,251 - INFO - 🔷 Handling Missing Values - Initial Count
2026-05-17 14:53:37,251 - INFO - ===============================

2026-05-17 14:53:57,809 - INFO - Nulls in 'transaction_date': 0
2026-05-17 14:53:57,810 - INFO - Nulls in 'amount': 0
2026-05-17 14:53:57,810 - INFO - Nulls in 'transaction_type': 0
2026-05-17 14:53:57,810 - INFO - Nulls in 'customer_name': 100425
2026-05-17 14:53:57,810 - INFO - Nulls in 'customer_address': 100087
2026-05-17 14:53:57,810 - INFO - Nulls in 'customer_city': 100034
2026-05-17 14:53:57,811 - INFO - Nulls in 'customer_state': 100009
2026-05-17 14:53:57,811 - INFO - Nulls in 'customer_country': 100672
2026-05-17 14:53:57,811 - INFO - Nulls in 'company': 100295
2026-05-17 14:53:57,811 - INFO - Nulls in 'job_title': 99924
2026-05-17 14:53:57,811 - INFO - Nulls in 'email': 100043
2026-05-17 14:53:57,811 - INFO - Nulls in 'phone_number': 100524
2026-05-17 14:53:57,811 - INFO - Nulls in 'credit_card_number': 100085
2026-05-17 14:53:57,811 - INFO - Nulls in 'iban': 100300
2026-05-17 14:53:57,812 - INFO - Nulls in 'currency_code': 99342
2026-05-17 14:53:57,812 - INFO - Nulls in 'random_number': 99913
2026-05-17 14:53:57,812 - INFO - Nulls in 'category': 100332
2026-05-17 14:53:57,812 - INFO - Nulls in 'group': 100209
2026-05-17 14:53:57,812 - INFO - Nulls in 'is_active': 100259
2026-05-17 14:53:57,812 - INFO - Nulls in 'last_updated': 100321
2026-05-17 14:53:57,812 - INFO - Nulls in 'description': 100403
2026-05-17 14:53:57,812 - INFO - Nulls in 'gender': 99767
2026-05-17 14:53:57,813 - INFO - Nulls in 'marital_status': 99904
2026-05-17 14:53:57,813 - INFO - 
==================================================
2026-05-17 14:53:57,813 - INFO - 🔷 Filling Missing Values
2026-05-17 14:53:57,813 - INFO - ===============================

2026-05-17 14:53:58,424 - INFO - Missing values filled with defaults.
2026-05-17 14:53:58,424 - INFO - 
==================================================
2026-05-17 14:53:58,424 - INFO - 🔷 Dropping Missing Values
2026-05-17 14:53:58,425 - INFO - ===============================

2026-05-17 14:53:59,911 - INFO - Dropped 100321 rows where 'last_updated' was null.
2026-05-17 14:53:59,911 - INFO - 
==================================================
2026-05-17 14:53:59,911 - INFO - 🔷 Casting 'amount' to NUMERIC(18,2)
2026-05-17 14:53:59,911 - INFO - ===============================

2026-05-17 14:54:02,714 - INFO - ✅ 'amount' cast to NUMERIC(18,2) cleanly.
2026-05-17 14:54:02,714 - INFO - 
==================================================
2026-05-17 14:54:02,715 - INFO - 🔷 Handling Missing Values - After Filling, Dropping & Casting
2026-05-17 14:54:02,715 - INFO - ===============================

2026-05-17 14:54:08,373 - INFO - Nulls in 'transaction_date': 0
2026-05-17 14:54:08,374 - INFO - Nulls in 'amount': 0
2026-05-17 14:54:08,374 - INFO - Nulls in 'transaction_type': 0
2026-05-17 14:54:08,374 - INFO - Nulls in 'customer_name': 0
2026-05-17 14:54:08,375 - INFO - Nulls in 'customer_address': 0
2026-05-17 14:54:08,375 - INFO - Nulls in 'customer_city': 0
2026-05-17 14:54:08,375 - INFO - Nulls in 'customer_state': 0
2026-05-17 14:54:08,375 - INFO - Nulls in 'customer_country': 0
2026-05-17 14:54:08,376 - INFO - Nulls in 'company': 0
2026-05-17 14:54:08,376 - INFO - Nulls in 'job_title': 0
2026-05-17 14:54:08,376 - INFO - Nulls in 'email': 0
2026-05-17 14:54:08,377 - INFO - Nulls in 'phone_number': 0
2026-05-17 14:54:08,377 - INFO - Nulls in 'credit_card_number': 0
2026-05-17 14:54:08,377 - INFO - Nulls in 'iban': 0
2026-05-17 14:54:08,377 - INFO - Nulls in 'currency_code': 0
2026-05-17 14:54:08,378 - INFO - Nulls in 'random_number': 0
2026-05-17 14:54:08,378 - INFO - Nulls in 'category': 0
2026-05-17 14:54:08,378 - INFO - Nulls in 'group': 0
2026-05-17 14:54:08,378 - INFO - Nulls in 'is_active': 0
2026-05-17 14:54:08,378 - INFO - Nulls in 'last_updated': 0
2026-05-17 14:54:08,379 - INFO - Nulls in 'description': 0
2026-05-17 14:54:08,379 - INFO - Nulls in 'gender': 0
2026-05-17 14:54:08,379 - INFO - Nulls in 'marital_status': 0
2026-05-17 14:54:08,379 - INFO - 
==================================================
2026-05-17 14:54:08,380 - INFO - 🔷 Removing Duplicates
2026-05-17 14:54:08,380 - INFO - ===============================

2026-05-17 14:54:22,727 - INFO - Removed 0 duplicate rows.
2026-05-17 14:54:22,727 - INFO - ⏱️ Step completed in 45s

2026-05-17 14:54:22,728 - INFO - 
==================================================
2026-05-17 14:54:22,728 - INFO - 🔷 Creating dim_date table
2026-05-17 14:54:22,728 - INFO - ===============================

2026-05-17 14:54:22,984 - INFO - ✅ dim_date table created.
2026-05-17 14:54:22,990 - INFO - 
==================================================
2026-05-17 14:54:22,990 - INFO - 🔷 Creating dim_customer table
2026-05-17 14:54:22,990 - INFO - ===============================

2026-05-17 14:54:22,994 - INFO - ✅ Schema validation passed.
2026-05-17 14:54:23,063 - INFO - ✅ dim_customer table created.
2026-05-17 14:54:23,067 - INFO - 
==================================================
2026-05-17 14:54:23,067 - INFO - 🔷 Creating dim_transaction table
2026-05-17 14:54:23,068 - INFO - ===============================

2026-05-17 14:54:23,068 - INFO - ✅ Schema validation passed.
2026-05-17 14:54:28,130 - INFO - ✅ dim_transaction table created — amount is NUMERIC.
2026-05-17 14:54:28,146 - INFO - 
==================================================
2026-05-17 14:54:28,147 - INFO - 🔷 Creating dim_employee table
2026-05-17 14:54:28,147 - INFO - ===============================

2026-05-17 14:54:28,147 - INFO - ✅ Schema validation passed.
2026-05-17 14:54:28,205 - INFO - ✅ dim_employee table created.
2026-05-17 14:54:28,209 - INFO - 
==================================================
2026-05-17 14:54:28,209 - INFO - 🔷 Creating fact_table table
2026-05-17 14:54:28,209 - INFO - ===============================

2026-05-17 14:54:28,481 - INFO - ✅ Schema validation passed.
2026-05-17 14:54:28,481 - INFO - ✅ fact_table created successfully.
2026-05-17 14:54:28,489 - INFO - ⏱️ Step completed in 1m 16s

2026-05-17 14:54:31,937 - INFO - ✅ Database engine created
2026-05-17 14:54:32,180 - INFO - ✅ Schema analytics is ready
2026-05-17 14:54:32,180 - INFO - 
==================================================
2026-05-17 14:54:32,181 - INFO - 🔷 Loading dimension & fact tables — INCREMENTAL MODE
2026-05-17 14:54:32,181 - INFO - ===============================

2026-05-17 14:54:32,181 - INFO - 📥 Writing new data to temp table: analytics.temp_dim_date
2026-05-17 14:54:36,567 - INFO - 🔍 Checking for new rows in analytics.dim_date
2026-05-17 14:54:36,580 - INFO - ℹ️ No new rows to insert — analytics.dim_date is already up to date
2026-05-17 14:54:36,597 - INFO - 📥 Writing new data to temp table: analytics.temp_dim_customer
2026-05-17 14:55:07,806 - INFO - 🔍 Checking for new rows in analytics.dim_customer
2026-05-17 14:55:15,537 - INFO - ℹ️ No new rows to insert — analytics.dim_customer is already up to date
2026-05-17 14:55:15,588 - INFO - 📥 Writing new data to temp table: analytics.temp_dim_transaction
2026-05-17 14:56:03,484 - INFO - 🔍 Checking for new rows in analytics.dim_transaction
2026-05-17 14:56:53,212 - INFO - ✅ Appended 899679 new rows to analytics.dim_transaction
2026-05-17 14:56:54,476 - INFO - 📥 Writing new data to temp table: analytics.temp_dim_employee
2026-05-17 14:57:19,733 - INFO - 🔍 Checking for new rows in analytics.dim_employee
2026-05-17 14:57:49,299 - INFO - ✅ Appended 809052 new rows to analytics.dim_employee
2026-05-17 14:57:50,355 - INFO - 📥 Writing new data to temp table: analytics.temp_fact_transactions
2026-05-17 15:01:43,591 - INFO - 🔍 Checking for new rows in analytics.fact_transactions
2026-05-17 15:16:04,593 - INFO - ✅ Appended 899679 new rows to analytics.fact_transactions
2026-05-17 15:16:04,682 - INFO - 🎉 ALL TABLES LOADED SUCCESSFULLY — ONLY NEW DATA APPENDED
2026-05-17 15:16:04,689 - INFO - ⏱️ Step completed in 22m 52s

2026-05-17 15:16:05,628 - INFO - ✅ Spark session stopped successfully
2026-05-17 15:16:05,777 - INFO - Closing down clientserver connection
2026-05-17 15:45:30,679 - INFO - 
==================================================
2026-05-17 15:45:30,679 - INFO - 🔷 Creating Spark Session
2026-05-17 15:45:30,680 - INFO - ===============================

2026-05-17 15:45:55,623 - INFO - Spark Session created successfully.
2026-05-17 15:45:55,624 - INFO - 
==================================================
2026-05-17 15:45:55,624 - INFO - 🔷 Reading CSV file: dataset\fibbie_bank_transactions.csv
2026-05-17 15:45:55,625 - INFO - ===============================

2026-05-17 15:46:10,603 - INFO - CSV file 'dataset\fibbie_bank_transactions.csv' read into Spark DataFrame successfully.
2026-05-17 15:46:10,603 - INFO - ⏱️ Step completed in 39s

2026-05-17 15:46:10,953 - INFO - 
==================================================
2026-05-17 15:46:10,954 - INFO - 🔷 Handling Missing Values - Initial Count
2026-05-17 15:46:10,954 - INFO - ===============================

2026-05-17 15:46:49,666 - INFO - Nulls in 'transaction_date': 0
2026-05-17 15:46:49,667 - INFO - Nulls in 'amount': 0
2026-05-17 15:46:49,667 - INFO - Nulls in 'transaction_type': 0
2026-05-17 15:46:49,669 - INFO - Nulls in 'customer_name': 100425
2026-05-17 15:46:49,670 - INFO - Nulls in 'customer_address': 100087
2026-05-17 15:46:49,672 - INFO - Nulls in 'customer_city': 100034
2026-05-17 15:46:49,673 - INFO - Nulls in 'customer_state': 100009
2026-05-17 15:46:49,674 - INFO - Nulls in 'customer_country': 100672
2026-05-17 15:46:49,674 - INFO - Nulls in 'company': 100295
2026-05-17 15:46:49,676 - INFO - Nulls in 'job_title': 99924
2026-05-17 15:46:49,678 - INFO - Nulls in 'email': 100043
2026-05-17 15:46:49,678 - INFO - Nulls in 'phone_number': 100524
2026-05-17 15:46:49,679 - INFO - Nulls in 'credit_card_number': 100085
2026-05-17 15:46:49,679 - INFO - Nulls in 'iban': 100300
2026-05-17 15:46:49,680 - INFO - Nulls in 'currency_code': 99342
2026-05-17 15:46:49,680 - INFO - Nulls in 'random_number': 99913
2026-05-17 15:46:49,681 - INFO - Nulls in 'category': 100332
2026-05-17 15:46:49,681 - INFO - Nulls in 'group': 100209
2026-05-17 15:46:49,682 - INFO - Nulls in 'is_active': 100259
2026-05-17 15:46:49,682 - INFO - Nulls in 'last_updated': 100321
2026-05-17 15:46:49,682 - INFO - Nulls in 'description': 100403
2026-05-17 15:46:49,683 - INFO - Nulls in 'gender': 99767
2026-05-17 15:46:49,683 - INFO - Nulls in 'marital_status': 99904
2026-05-17 15:46:49,683 - INFO - 
==================================================
2026-05-17 15:46:49,684 - INFO - 🔷 Filling Missing Values
2026-05-17 15:46:49,684 - INFO - ===============================

2026-05-17 15:46:49,870 - INFO - Missing values filled with defaults.
2026-05-17 15:46:49,870 - INFO - 
==================================================
2026-05-17 15:46:49,871 - INFO - 🔷 Dropping Missing Values
2026-05-17 15:46:49,871 - INFO - ===============================

2026-05-17 15:46:52,368 - INFO - Dropped 100321 rows where 'last_updated' was null.
2026-05-17 15:46:52,369 - INFO - 
==================================================
2026-05-17 15:46:52,370 - INFO - 🔷 Casting 'amount' to NUMERIC(18,2)
2026-05-17 15:46:52,371 - INFO - ===============================

2026-05-17 15:46:58,307 - INFO - ✅ 'amount' cast to NUMERIC(18,2) cleanly.
2026-05-17 15:46:58,308 - INFO - 
==================================================
2026-05-17 15:46:58,309 - INFO - 🔷 Handling Missing Values - After Filling, Dropping & Casting
2026-05-17 15:46:58,311 - INFO - ===============================

2026-05-17 15:47:08,190 - INFO - Nulls in 'transaction_date': 0
2026-05-17 15:47:08,190 - INFO - Nulls in 'amount': 0
2026-05-17 15:47:08,191 - INFO - Nulls in 'transaction_type': 0
2026-05-17 15:47:08,191 - INFO - Nulls in 'customer_name': 0
2026-05-17 15:47:08,192 - INFO - Nulls in 'customer_address': 0
2026-05-17 15:47:08,192 - INFO - Nulls in 'customer_city': 0
2026-05-17 15:47:08,192 - INFO - Nulls in 'customer_state': 0
2026-05-17 15:47:08,193 - INFO - Nulls in 'customer_country': 0
2026-05-17 15:47:08,193 - INFO - Nulls in 'company': 0
2026-05-17 15:47:08,193 - INFO - Nulls in 'job_title': 0
2026-05-17 15:47:08,193 - INFO - Nulls in 'email': 0
2026-05-17 15:47:08,194 - INFO - Nulls in 'phone_number': 0
2026-05-17 15:47:08,194 - INFO - Nulls in 'credit_card_number': 0
2026-05-17 15:47:08,194 - INFO - Nulls in 'iban': 0
2026-05-17 15:47:08,195 - INFO - Nulls in 'currency_code': 0
2026-05-17 15:47:08,195 - INFO - Nulls in 'random_number': 0
2026-05-17 15:47:08,195 - INFO - Nulls in 'category': 0
2026-05-17 15:47:08,196 - INFO - Nulls in 'group': 0
2026-05-17 15:47:08,196 - INFO - Nulls in 'is_active': 0
2026-05-17 15:47:08,196 - INFO - Nulls in 'last_updated': 0
2026-05-17 15:47:08,196 - INFO - Nulls in 'description': 0
2026-05-17 15:47:08,197 - INFO - Nulls in 'gender': 0
2026-05-17 15:47:08,197 - INFO - Nulls in 'marital_status': 0
2026-05-17 15:47:08,197 - INFO - 
==================================================
2026-05-17 15:47:08,197 - INFO - 🔷 Removing Duplicates
2026-05-17 15:47:08,198 - INFO - ===============================

2026-05-17 15:47:30,834 - INFO - Removed 0 duplicate rows.
2026-05-17 15:47:30,835 - INFO - ⏱️ Step completed in 1m 19s

2026-05-17 15:47:30,835 - INFO - 
==================================================
2026-05-17 15:47:30,836 - INFO - 🔷 Creating dim_date table
2026-05-17 15:47:30,837 - INFO - ===============================

2026-05-17 15:47:31,213 - INFO - ✅ dim_date table created.
2026-05-17 15:47:31,264 - INFO - 
==================================================
2026-05-17 15:47:31,264 - INFO - 🔷 Creating dim_customer table
2026-05-17 15:47:31,265 - INFO - ===============================

2026-05-17 15:47:31,268 - INFO - ✅ Schema validation passed.
2026-05-17 15:47:31,370 - INFO - ✅ dim_customer table created.
2026-05-17 15:47:31,375 - INFO - 
==================================================
2026-05-17 15:47:31,376 - INFO - 🔷 Creating dim_transaction table
2026-05-17 15:47:31,376 - INFO - ===============================

2026-05-17 15:47:31,376 - INFO - ✅ Schema validation passed.
2026-05-17 15:47:36,852 - INFO - ✅ dim_transaction table created — amount is NUMERIC.
2026-05-17 15:47:36,861 - INFO - 
==================================================
2026-05-17 15:47:36,862 - INFO - 🔷 Creating dim_employee table
2026-05-17 15:47:36,862 - INFO - ===============================

2026-05-17 15:47:36,862 - INFO - ✅ Schema validation passed.
2026-05-17 15:47:36,948 - INFO - ✅ dim_employee table created.
2026-05-17 15:47:36,954 - INFO - 
==================================================
2026-05-17 15:47:36,954 - INFO - 🔷 Creating fact_table table
2026-05-17 15:47:36,955 - INFO - ===============================

2026-05-17 15:47:37,254 - INFO - ✅ Schema validation passed.
2026-05-17 15:47:37,255 - INFO - ✅ fact_table created successfully.
2026-05-17 15:47:37,263 - INFO - ⏱️ Step completed in 2m 6s

2026-05-17 15:47:39,928 - INFO - ✅ Database engine created
2026-05-17 15:47:42,868 - INFO - ✅ Schema analytics is ready
2026-05-17 15:47:42,869 - INFO - 
==================================================
2026-05-17 15:47:42,869 - INFO - 🔷 Loading dimension & fact tables — INCREMENTAL MODE
2026-05-17 15:47:42,869 - INFO - ===============================

2026-05-17 15:47:42,870 - INFO - 📥 Writing new data to temp table: analytics.temp_dim_date
2026-05-17 15:47:54,360 - INFO - 🔍 Checking for new rows in analytics.dim_date
2026-05-17 15:47:54,390 - INFO - ℹ️ No new rows to insert — analytics.dim_date is already up to date
2026-05-17 15:47:54,449 - INFO - 📥 Writing new data to temp table: analytics.temp_dim_customer
2026-05-17 15:48:39,505 - INFO - 🔍 Checking for new rows in analytics.dim_customer
2026-05-17 15:48:44,480 - INFO - ℹ️ No new rows to insert — analytics.dim_customer is already up to date
2026-05-17 15:48:44,951 - INFO - 📥 Writing new data to temp table: analytics.temp_dim_transaction
2026-05-17 15:49:46,454 - INFO - 🔍 Checking for new rows in analytics.dim_transaction
2026-05-17 15:49:50,137 - INFO - ℹ️ No new rows to insert — analytics.dim_transaction is already up to date
2026-05-17 15:49:50,854 - INFO - 📥 Writing new data to temp table: analytics.temp_dim_employee
2026-05-17 15:50:23,652 - INFO - 🔍 Checking for new rows in analytics.dim_employee
2026-05-17 15:50:26,408 - INFO - ℹ️ No new rows to insert — analytics.dim_employee is already up to date
2026-05-17 15:50:29,551 - INFO - 📥 Writing new data to temp table: analytics.temp_fact_transactions
2026-05-17 15:54:19,415 - INFO - 🔍 Checking for new rows in analytics.fact_transactions
2026-05-17 15:54:26,071 - INFO - ℹ️ No new rows to insert — analytics.fact_transactions is already up to date
2026-05-17 15:54:27,155 - INFO - 🎉 ALL TABLES LOADED SUCCESSFULLY — ONLY NEW DATA APPENDED
2026-05-17 15:54:27,155 - INFO - ⏱️ Step completed in 8m 56s

2026-05-17 15:54:46,636 - INFO - ✅ Spark session stopped successfully
2026-05-17 15:54:46,908 - INFO - Closing down clientserver connection
2026-05-17 17:25:54,164 - INFO - 
==================================================
2026-05-17 17:25:54,167 - INFO - 🔷 Creating Spark Session
2026-05-17 17:25:54,168 - INFO - ===============================

2026-05-17 17:26:32,069 - INFO - Spark Session created successfully.
2026-05-17 17:26:32,070 - INFO - 
==================================================
2026-05-17 17:26:32,070 - INFO - 🔷 Reading CSV file: dataset\fibbie_bank_transactions.csv
2026-05-17 17:26:32,070 - INFO - ===============================

2026-05-17 17:27:00,478 - INFO - CSV file 'dataset\fibbie_bank_transactions.csv' read into Spark DataFrame successfully.
2026-05-17 17:27:00,479 - INFO - ⏱️ Step completed in 1m 6s

2026-05-17 17:27:01,229 - INFO - 
==================================================
2026-05-17 17:27:01,230 - INFO - 🔷 Handling Missing Values - Initial Count
2026-05-17 17:27:01,230 - INFO - ===============================

2026-05-17 17:27:54,505 - INFO - Nulls in 'transaction_date': 0
2026-05-17 17:27:54,507 - INFO - Nulls in 'amount': 0
2026-05-17 17:27:54,510 - INFO - Nulls in 'transaction_type': 0
2026-05-17 17:27:54,511 - INFO - Nulls in 'customer_name': 100425
2026-05-17 17:27:54,511 - INFO - Nulls in 'customer_address': 100087
2026-05-17 17:27:54,515 - INFO - Nulls in 'customer_city': 100034
2026-05-17 17:27:54,517 - INFO - Nulls in 'customer_state': 100009
2026-05-17 17:27:54,517 - INFO - Nulls in 'customer_country': 100672
2026-05-17 17:27:54,518 - INFO - Nulls in 'company': 100295
2026-05-17 17:27:54,518 - INFO - Nulls in 'job_title': 99924
2026-05-17 17:27:54,519 - INFO - Nulls in 'email': 100043
2026-05-17 17:27:54,519 - INFO - Nulls in 'phone_number': 100524
2026-05-17 17:27:54,520 - INFO - Nulls in 'credit_card_number': 100085
2026-05-17 17:27:54,521 - INFO - Nulls in 'iban': 100300
2026-05-17 17:27:54,521 - INFO - Nulls in 'currency_code': 99342
2026-05-17 17:27:54,522 - INFO - Nulls in 'random_number': 99913
2026-05-17 17:27:54,522 - INFO - Nulls in 'category': 100332
2026-05-17 17:27:54,523 - INFO - Nulls in 'group': 100209
2026-05-17 17:27:54,524 - INFO - Nulls in 'is_active': 100259
2026-05-17 17:27:54,524 - INFO - Nulls in 'last_updated': 100321
2026-05-17 17:27:54,525 - INFO - Nulls in 'description': 100403
2026-05-17 17:27:54,525 - INFO - Nulls in 'gender': 99767
2026-05-17 17:27:54,526 - INFO - Nulls in 'marital_status': 99904
2026-05-17 17:27:54,526 - INFO - 
==================================================
2026-05-17 17:27:54,527 - INFO - 🔷 Filling Missing Values
2026-05-17 17:27:54,527 - INFO - ===============================

2026-05-17 17:27:54,874 - INFO - Missing values filled with defaults.
2026-05-17 17:27:54,875 - INFO - 
==================================================
2026-05-17 17:27:54,876 - INFO - 🔷 Dropping Missing Values
2026-05-17 17:27:54,876 - INFO - ===============================

2026-05-17 17:27:57,651 - INFO - Dropped 100321 rows where 'last_updated' was null.
2026-05-17 17:27:57,652 - INFO - 
==================================================
2026-05-17 17:27:57,653 - INFO - 🔷 Casting 'amount' to NUMERIC(18,2)
2026-05-17 17:27:57,653 - INFO - ===============================

2026-05-17 17:28:04,369 - INFO - ✅ 'amount' cast to NUMERIC(18,2) cleanly.
2026-05-17 17:28:04,373 - INFO - 
==================================================
2026-05-17 17:28:04,373 - INFO - 🔷 Handling Missing Values - After Filling, Dropping & Casting
2026-05-17 17:28:04,374 - INFO - ===============================

2026-05-17 17:28:19,462 - INFO - Nulls in 'transaction_date': 0
2026-05-17 17:28:19,462 - INFO - Nulls in 'amount': 0
2026-05-17 17:28:19,463 - INFO - Nulls in 'transaction_type': 0
2026-05-17 17:28:19,464 - INFO - Nulls in 'customer_name': 0
2026-05-17 17:28:19,464 - INFO - Nulls in 'customer_address': 0
2026-05-17 17:28:19,465 - INFO - Nulls in 'customer_city': 0
2026-05-17 17:28:19,466 - INFO - Nulls in 'customer_state': 0
2026-05-17 17:28:19,467 - INFO - Nulls in 'customer_country': 0
2026-05-17 17:28:19,468 - INFO - Nulls in 'company': 0
2026-05-17 17:28:19,469 - INFO - Nulls in 'job_title': 0
2026-05-17 17:28:19,470 - INFO - Nulls in 'email': 0
2026-05-17 17:28:19,470 - INFO - Nulls in 'phone_number': 0
2026-05-17 17:28:19,471 - INFO - Nulls in 'credit_card_number': 0
2026-05-17 17:28:19,472 - INFO - Nulls in 'iban': 0
2026-05-17 17:28:19,473 - INFO - Nulls in 'currency_code': 0
2026-05-17 17:28:19,474 - INFO - Nulls in 'random_number': 0
2026-05-17 17:28:19,475 - INFO - Nulls in 'category': 0
2026-05-17 17:28:19,476 - INFO - Nulls in 'group': 0
2026-05-17 17:28:19,477 - INFO - Nulls in 'is_active': 0
2026-05-17 17:28:19,477 - INFO - Nulls in 'last_updated': 0
2026-05-17 17:28:19,478 - INFO - Nulls in 'description': 0
2026-05-17 17:28:19,479 - INFO - Nulls in 'gender': 0
2026-05-17 17:28:19,480 - INFO - Nulls in 'marital_status': 0
2026-05-17 17:28:19,483 - INFO - 
==================================================
2026-05-17 17:28:19,484 - INFO - 🔷 Removing Duplicates
2026-05-17 17:28:19,485 - INFO - ===============================

2026-05-17 17:28:49,112 - INFO - Removed 0 duplicate rows.
2026-05-17 17:28:49,113 - INFO - ⏱️ Step completed in 1m 47s

2026-05-17 17:28:49,114 - INFO - 
==================================================
2026-05-17 17:28:49,115 - INFO - 🔷 Creating dim_date table
2026-05-17 17:28:49,116 - INFO - ===============================

2026-05-17 17:28:50,745 - INFO - ✅ dim_date table created.
2026-05-17 17:28:50,764 - INFO - 
==================================================
2026-05-17 17:28:50,765 - INFO - 🔷 Creating dim_customer table
2026-05-17 17:28:50,766 - INFO - ===============================

2026-05-17 17:28:50,775 - INFO - ✅ Schema validation passed.
2026-05-17 17:28:51,727 - INFO - ✅ dim_customer table created.
2026-05-17 17:28:51,742 - INFO - 
==================================================
2026-05-17 17:28:51,743 - INFO - 🔷 Creating dim_transaction table
2026-05-17 17:28:51,744 - INFO - ===============================

2026-05-17 17:28:51,744 - INFO - ✅ Schema validation passed.
2026-05-17 17:28:54,395 - INFO - ✅ dim_transaction table created — amount is NUMERIC.
2026-05-17 17:28:54,416 - INFO - 
==================================================
2026-05-17 17:28:54,417 - INFO - 🔷 Creating dim_employee table
2026-05-17 17:28:54,418 - INFO - ===============================

2026-05-17 17:28:54,418 - INFO - ✅ Schema validation passed.
2026-05-17 17:28:54,562 - INFO - ✅ dim_employee table created.
2026-05-17 17:28:54,572 - INFO - 
==================================================
2026-05-17 17:28:54,572 - INFO - 🔷 Creating fact_table table
2026-05-17 17:28:54,573 - INFO - ===============================

2026-05-17 17:28:55,048 - INFO - ✅ Schema validation passed.
2026-05-17 17:28:55,049 - INFO - ✅ fact_table created successfully.
2026-05-17 17:28:55,069 - INFO - ⏱️ Step completed in 3m 0s

2026-05-17 17:28:55,707 - INFO - ✅ Database engine created
2026-05-17 17:28:56,297 - INFO - ✅ Schema analytics is ready
2026-05-17 17:28:56,298 - INFO - 
==================================================
2026-05-17 17:28:56,299 - INFO - 🔷 Loading dimension & fact tables — INCREMENTAL MODE
2026-05-17 17:28:56,299 - INFO - ===============================

2026-05-17 17:28:56,300 - INFO - 📥 Writing new data to temp table: analytics.temp_dim_date
2026-05-17 17:29:06,634 - INFO - 🔍 Checking for new rows in analytics.dim_date
2026-05-17 17:29:06,680 - INFO - ℹ️ No new rows to insert — analytics.dim_date is already up to date
2026-05-17 17:29:06,739 - INFO - 📥 Writing new data to temp table: analytics.temp_dim_customer
2026-05-17 17:29:51,851 - INFO - 🔍 Checking for new rows in analytics.dim_customer
2026-05-17 17:30:02,485 - INFO - ℹ️ No new rows to insert — analytics.dim_customer is already up to date
2026-05-17 17:30:02,817 - INFO - 📥 Writing new data to temp table: analytics.temp_dim_transaction
2026-05-17 17:31:37,819 - INFO - 🔍 Checking for new rows in analytics.dim_transaction
2026-05-17 17:31:43,433 - INFO - ℹ️ No new rows to insert — analytics.dim_transaction is already up to date
2026-05-17 17:31:43,632 - INFO - 📥 Writing new data to temp table: analytics.temp_dim_employee
2026-05-17 17:32:13,333 - INFO - 🔍 Checking for new rows in analytics.dim_employee
2026-05-17 17:32:20,492 - INFO - ℹ️ No new rows to insert — analytics.dim_employee is already up to date
2026-05-17 17:32:20,582 - INFO - 📥 Writing new data to temp table: analytics.temp_fact_transactions
2026-05-17 17:37:07,013 - INFO - 🔍 Checking for new rows in analytics.fact_transactions
2026-05-17 17:37:21,039 - INFO - ℹ️ No new rows to insert — analytics.fact_transactions is already up to date
2026-05-17 17:37:31,203 - INFO - 🎉 ALL TABLES LOADED SUCCESSFULLY — ONLY NEW DATA APPENDED
2026-05-17 17:37:33,395 - INFO - ⏱️ Step completed in 11m 37s

2026-05-17 17:37:41,316 - INFO - ✅ Spark session stopped successfully
2026-05-17 17:37:41,888 - INFO - Closing down clientserver connection
